DateTime,Players,neg_sent_count,neu_sent_count,pos_sent_count,Twitch_Viewers,pos_dist
11/1/2015,5,0,0,0,0,0
11/2/2015,0,0,0,0,0,0
11/3/2015,0,0,0,0,0,0
11/4/2015,0,0,0,0,0,0
11/5/2015,0,0,0,0,0,0
11/6/2015,0,0,0,0,0,0
11/7/2015,0,0,0,0,0,0
11/8/2015,0,0,0,0,0,0
11/9/2015,0,0,0,0,0,0
11/10/2015,0,0,0,0,0,0
11/11/2015,0,0,0,0,0,0
11/12/2015,0,0,0,0,0,0
11/13/2015,0,0,0,0,0,0
11/14/2015,0,0,0,0,0,0
11/15/2015,0,0,0,0,0,0
11/16/2015,0,0,0,0,0,0
11/17/2015,0,0,0,0,0,0
11/18/2015,0,0,0,0,0,0
11/19/2015,3,0,0,0,0,0
11/20/2015,3,0,0,0,0,0
11/21/2015,4,0,0,0,0,0
11/22/2015,1,0,0,0,0,0
11/23/2015,1,0,0,0,0,0
11/24/2015,2,0,0,0,0,0
11/25/2015,4,0,0,0,0,0
11/26/2015,5,0,0,0,0,0
11/27/2015,6,0,0,0,0,0
11/28/2015,2,0,0,0,0,0
11/29/2015,2,0,0,0,0,0
11/30/2015,4,0,0,0,0,0
12/1/2015,2,0,0,0,0,0
12/2/2015,10,0,0,0,0,0
12/3/2015,7,0,0,0,0,0
12/4/2015,5,0,0,0,0,0
12/5/2015,315,0,0,0,0,0
12/6/2015,332,0,0,0,0,0
12/7/2015,249,0,0,0,0,0
12/8/2015,195,0,0,0,0,0
12/9/2015,183,0,0,0,0,0
12/10/2015,165,0,0,0,0,0
12/11/2015,179,0,0,0,0,0
12/12/2015,212,0,0,0,0,0
12/13/2015,221,0,0,0,0,0
12/14/2015,212,0,0,0,0,0
12/15/2015,3543,31,44,185,0,0.711538462
12/16/2015,2753,31,31,86,0,0.581081081
12/17/2015,2971,13,18,48,0,0.607594937
12/18/2015,2401,18,13,35,0,0.53030303
12/19/2015,3184,16,11,36,0,0.571428571
12/20/2015,3231,18,13,36,0,0.537313433
12/21/2015,2927,12,22,27,0,0.442622951
12/22/2015,2694,11,15,31,0,0.543859649
12/23/2015,2692,16,13,36,0,0.553846154
12/24/2015,2563,10,10,24,0,0.545454545
12/25/2015,2149,7,6,16,0,0.551724138
12/26/2015,3305,16,13,28,0,0.49122807
12/27/2015,3460,19,11,21,0,0.411764706
12/28/2015,3431,15,7,27,0,0.551020408
12/29/2015,3066,10,14,24,0,0.5
12/30/2015,3018,12,8,21,0,0.512195122
12/31/2015,3044,8,7,12,0,0.444444444
1/1/2016,2957,2,11,21,0,0.617647059
1/2/2016,2951,6,9,16,0,0.516129032
1/3/2016,2853,9,6,20,0,0.571428571
1/4/2016,2343,5,7,21,0,0.636363636
1/5/2016,1996,7,3,9,0,0.473684211
1/6/2016,1875,4,8,15,0,0.555555556
1/7/2016,2008,7,5,14,0,0.538461538
1/8/2016,2049,3,4,21,0,0.75
1/9/2016,2433,5,8,13,0,0.5
1/10/2016,2584,5,8,14,0,0.518518519
1/11/2016,2159,11,6,18,0,0.514285714
1/12/2016,2382,9,6,13,0,0.464285714
1/13/2016,2188,5,6,11,0,0.5
1/14/2016,2281,11,8,13,0,0.40625
1/15/2016,2655,6,13,20,0,0.512820513
1/16/2016,2763,6,4,15,0,0.6
1/17/2016,2729,9,5,5,0,0.263157895
1/18/2016,2442,6,6,10,0,0.454545455
1/19/2016,1992,2,2,4,0,0.5
1/20/2016,1867,3,4,7,0,0.5
1/21/2016,1486,5,4,8,0,0.470588235
1/22/2016,2075,7,2,4,0,0.307692308
1/23/2016,2171,4,3,8,0,0.533333333
1/24/2016,2169,5,1,6,0,0.5
1/25/2016,1800,1,4,10,0,0.666666667
1/26/2016,1630,3,0,5,0,0.625
1/27/2016,1304,4,0,3,0,0.428571429
1/28/2016,1340,1,2,4,0,0.571428571
1/29/2016,1367,4,2,9,0,0.6
1/30/2016,1632,2,4,8,0,0.571428571
1/31/2016,1630,1,2,5,0,0.625
2/1/2016,1307,1,2,5,0,0.625
2/2/2016,1237,3,0,5,0,0.625
2/3/2016,1266,0,2,2,0,0.5
2/4/2016,1776,4,2,9,0,0.6
2/5/2016,1925,1,4,6,0,0.545454545
2/6/2016,1999,1,1,5,0,0.714285714
2/7/2016,1980,4,4,5,0,0.384615385
2/8/2016,1784,1,4,11,0,0.6875
2/9/2016,1600,2,0,6,0,0.75
2/10/2016,1472,0,1,4,0,0.8
2/11/2016,1490,1,3,3,0,0.428571429
2/12/2016,1571,2,3,5,0,0.5
2/13/2016,1836,6,1,8,0,0.533333333
2/14/2016,1790,6,3,5,0,0.357142857
2/15/2016,1698,2,4,8,0,0.571428571
2/16/2016,1348,1,5,3,0,0.333333333
2/17/2016,1390,3,3,1,0,0.142857143
2/18/2016,1312,2,4,4,0,0.4
2/19/2016,1238,0,2,1,0,0.333333333
2/20/2016,1376,4,1,4,0,0.444444444
2/21/2016,1545,3,3,0,0,0
2/22/2016,1159,1,1,5,0,0.714285714
2/23/2016,1183,0,3,3,0,0.5
2/24/2016,1184,1,2,5,0,0.625
2/25/2016,1091,1,2,3,0,0.5
2/26/2016,1295,1,1,6,0,0.75
2/27/2016,1423,5,3,4,0,0.333333333
2/28/2016,1518,3,5,6,0,0.428571429
2/29/2016,1191,2,1,7,0,0.7
3/1/2016,1193,2,1,7,0,0.7
3/2/2016,1168,1,4,3,0,0.375
3/3/2016,1191,1,0,2,0,0.666666667
3/4/2016,1258,2,3,6,0,0.545454545
3/5/2016,1483,3,0,2,0,0.4
3/6/2016,1557,1,1,5,0,0.714285714
3/7/2016,1106,0,1,3,0,0.75
3/8/2016,973,0,1,4,0,0.8
3/9/2016,953,2,0,6,0,0.75
3/10/2016,885,0,1,4,0,0.8
3/11/2016,1123,2,1,4,0,0.571428571
3/12/2016,1146,3,1,4,0,0.5
3/13/2016,1281,1,0,4,0,0.8
3/14/2016,938,2,2,3,0,0.428571429
3/15/2016,1019,1,0,0,0,0
3/16/2016,906,2,0,2,0,0.5
3/17/2016,868,1,1,4,0,0.666666667
3/18/2016,987,1,1,3,0,0.6
3/19/2016,1128,1,0,4,0,0.8
3/20/2016,1199,2,0,2,0,0.5
3/21/2016,990,2,2,0,0,0
3/22/2016,1423,1,0,3,0,0.75
3/23/2016,1136,2,0,1,0,0.333333333
3/24/2016,1164,0,1,3,0,0.75
3/25/2016,1208,1,0,5,0,0.833333333
3/26/2016,1113,1,3,0,0,0
3/27/2016,1372,4,2,6,0,0.5
3/28/2016,1267,0,2,3,0,0.6
3/29/2016,1076,2,1,0,0,0
3/30/2016,1075,0,1,4,0,0.8
3/31/2016,1057,0,0,7,0,1
4/1/2016,1111,2,2,1,0,0.2
4/2/2016,1216,1,4,1,0,0.166666667
4/3/2016,1324,1,2,7,0,0.7
4/4/2016,1092,3,0,3,0,0.5
4/5/2016,912,2,1,2,0,0.4
4/6/2016,883,1,0,4,0,0.8
4/7/2016,895,4,1,4,0,0.444444444
4/8/2016,741,3,2,1,0,0.166666667
4/9/2016,1230,3,1,4,0,0.5
4/10/2016,1294,1,0,4,0,0.8
4/11/2016,960,3,3,7,0,0.538461538
4/12/2016,957,3,0,3,0,0.5
4/13/2016,862,2,1,1,0,0.25
4/14/2016,916,2,1,2,0,0.4
4/15/2016,981,0,0,6,0,1
4/16/2016,1121,1,2,1,0,0.25
4/17/2016,1217,3,1,2,0,0.333333333
4/18/2016,933,2,0,3,0,0.6
4/19/2016,944,2,2,1,0,0.2
4/20/2016,877,0,3,2,0,0.4
4/21/2016,846,2,2,0,0,0
4/22/2016,887,0,1,0,0,0
4/23/2016,947,3,3,1,0,0.142857143
4/24/2016,1151,2,1,1,0,0.25
4/25/2016,879,1,3,1,0,0.2
4/26/2016,888,3,0,3,0,0.5
4/27/2016,917,0,0,4,0,1
4/28/2016,890,0,2,0,0,0
4/29/2016,912,1,2,2,0,0.4
4/30/2016,1012,3,1,5,0,0.555555556
5/1/2016,1290,0,1,5,0,0.833333333
5/2/2016,899,3,0,6,0,0.666666667
5/3/2016,964,2,2,2,0,0.333333333
5/4/2016,949,2,0,8,0,0.8
5/5/2016,872,1,2,5,0,0.625
5/6/2016,794,1,0,1,0,0.5
5/7/2016,934,0,1,2,0,0.666666667
5/8/2016,1131,0,0,2,0,1
5/9/2016,845,1,3,1,0,0.2
5/10/2016,904,2,2,5,0,0.555555556
5/11/2016,857,3,1,3,0,0.428571429
5/12/2016,843,1,0,2,0,0.666666667
5/13/2016,877,1,4,2,0,0.285714286
5/14/2016,904,1,2,2,0,0.4
5/15/2016,1176,1,1,4,0,0.666666667
5/16/2016,868,1,3,1,0,0.2
5/17/2016,804,1,2,2,0,0.4
5/18/2016,764,0,1,1,0,0.5
5/19/2016,846,1,2,5,0,0.625
5/20/2016,835,0,0,3,0,1
5/21/2016,865,3,3,5,0,0.454545455
5/22/2016,1035,1,1,1,0,0.333333333
5/23/2016,813,1,1,6,0,0.75
5/24/2016,739,0,1,0,0,0
5/25/2016,739,0,1,2,0,0.666666667
5/26/2016,1652,0,0,5,0,1
5/27/2016,1334,0,3,3,0,0.5
5/28/2016,1221,3,3,2,0,0.25
5/29/2016,1376,2,1,1,0,0.25
5/30/2016,1289,0,1,2,0,0.666666667
5/31/2016,1047,0,1,2,0,0.666666667
6/1/2016,959,1,0,5,0,0.833333333
6/2/2016,910,2,1,2,0,0.4
6/3/2016,1060,1,3,4,0,0.5
6/4/2016,1077,5,0,6,0,0.545454545
6/5/2016,1266,1,0,4,0,0.8
6/6/2016,943,0,3,3,0,0.5
6/7/2016,915,4,2,3,0,0.333333333
6/8/2016,864,1,1,0,0,0
6/9/2016,894,0,1,3,0,0.75
6/10/2016,809,2,1,2,0,0.4
6/11/2016,867,0,1,3,0,0.75
6/12/2016,956,1,2,1,0,0.25
6/13/2016,755,1,0,1,0,0.5
6/14/2016,839,1,0,1,0,0.5
6/15/2016,814,0,2,6,0,0.75
6/16/2016,682,2,3,1,0,0.166666667
6/17/2016,821,0,0,1,0,1
6/18/2016,967,5,0,2,0,0.285714286
6/19/2016,950,2,0,6,0,0.75
6/20/2016,703,1,3,4,0,0.5
6/21/2016,720,0,1,4,0,0.8
6/22/2016,741,1,2,3,0,0.5
6/23/2016,753,6,3,23,0,0.71875
6/24/2016,1046,5,2,12,0,0.631578947
6/25/2016,1158,4,2,8,0,0.571428571
6/26/2016,1513,0,6,4,0,0.4
6/27/2016,1138,1,2,13,0,0.8125
6/28/2016,1406,3,1,16,0,0.8
6/29/2016,1319,6,4,11,0,0.523809524
6/30/2016,1086,4,4,3,0,0.272727273
7/1/2016,1268,2,1,10,0,0.769230769
7/2/2016,1212,1,2,5,0,0.625
7/3/2016,1537,2,0,9,0,0.818181818
7/4/2016,1659,0,5,12,0,0.705882353
7/5/2016,1202,1,2,4,0,0.571428571
7/6/2016,1123,2,3,6,0,0.545454545
7/7/2016,930,2,1,6,0,0.666666667
7/8/2016,1091,0,0,2,0,1
7/9/2016,1144,2,1,1,0,0.25
7/10/2016,1180,1,3,4,0,0.5
7/11/2016,931,2,2,2,0,0.333333333
7/12/2016,976,1,1,1,0,0.333333333
7/13/2016,919,1,0,4,0,0.8
7/14/2016,891,3,0,3,0,0.5
7/15/2016,901,2,0,2,0,0.5
7/16/2016,1003,0,1,1,0,0.5
7/17/2016,1132,0,5,2,0,0.285714286
7/18/2016,878,2,2,4,0,0.5
7/19/2016,871,0,1,4,0,0.8
7/20/2016,773,2,0,1,0,0.333333333
7/21/2016,889,2,1,2,0,0.4
7/22/2016,947,1,1,4,0,0.666666667
7/23/2016,940,2,3,3,0,0.375
7/24/2016,1100,1,0,3,0,0.75
7/25/2016,885,1,2,0,0,0
7/26/2016,846,1,2,2,0,0.4
7/27/2016,847,0,1,1,0,0.5
7/28/2016,717,1,0,2,0,0.666666667
7/29/2016,898,0,1,2,0,0.666666667
7/30/2016,920,1,2,1,0,0.25
7/31/2016,1038,1,0,2,0,0.666666667
8/1/2016,847,1,0,3,0,0.75
8/2/2016,749,1,2,4,0,0.571428571
8/3/2016,972,2,1,0,0,0
8/4/2016,1101,1,1,4,0,0.666666667
8/5/2016,1273,3,2,8,0,0.615384615
8/6/2016,1341,0,0,7,0,1
8/7/2016,2983,4,3,6,0,0.461538462
8/8/2016,2576,5,5,11,0,0.523809524
8/9/2016,2170,1,3,7,0,0.636363636
8/10/2016,1897,3,2,7,0,0.583333333
8/11/2016,1790,4,1,2,0,0.285714286
8/12/2016,1548,4,0,2,0,0.333333333
8/13/2016,1629,2,4,10,0,0.625
8/14/2016,1704,2,0,2,0,0.5
8/15/2016,1464,5,0,2,0,0.285714286
8/16/2016,1302,3,0,2,0,0.4
8/17/2016,1156,2,5,5,0,0.416666667
8/18/2016,1167,5,1,3,0,0.333333333
8/19/2016,1318,1,3,5,0,0.555555556
8/20/2016,1467,3,3,2,0,0.25
8/21/2016,1540,2,5,1,0,0.125
8/22/2016,1203,4,2,10,0,0.625
8/23/2016,1095,3,0,2,0,0.4
8/24/2016,1059,1,3,7,0,0.636363636
8/25/2016,1064,1,1,1,0,0.333333333
8/26/2016,858,1,1,2,0,0.5
8/27/2016,1190,3,0,2,0,0.4
8/28/2016,1393,4,3,1,0,0.125
8/29/2016,1130,2,4,2,0,0.25
8/30/2016,891,2,3,1,0,0.166666667
8/31/2016,775,0,1,4,0,0.8
9/1/2016,747,2,0,2,0,0.5
9/2/2016,874,0,1,2,0,0.666666667
9/3/2016,836,2,1,1,0,0.25
9/4/2016,1081,0,4,4,0,0.5
9/5/2016,639,0,0,0,0,#DIV/0!
9/6/2016,814,3,1,2,0,0.333333333
9/7/2016,712,2,1,1,0,0.25
9/8/2016,753,1,1,3,0,0.6
9/9/2016,912,0,0,1,0,1
9/10/2016,943,1,0,3,0,0.75
9/11/2016,1074,1,2,4,0,0.571428571
9/12/2016,798,0,2,1,0,0.333333333
9/13/2016,757,1,0,4,0,0.8
9/14/2016,818,0,4,6,0,0.6
9/15/2016,764,3,3,4,0,0.4
9/16/2016,885,0,2,3,0,0.6
9/17/2016,1032,3,0,4,0,0.571428571
9/18/2016,1067,1,1,0,0,0
9/19/2016,798,0,1,2,0,0.666666667
9/20/2016,927,0,0,3,0,1
9/21/2016,927,1,3,1,0,0.2
9/22/2016,840,1,1,4,0,0.666666667
9/23/2016,896,0,2,3,0,0.6
9/24/2016,1109,3,2,1,0,0.166666667
9/25/2016,1187,2,1,3,0,0.5
9/26/2016,938,4,1,0,0,0
9/27/2016,850,0,0,1,0,1
9/28/2016,811,2,1,1,0,0.25
9/29/2016,839,0,1,2,0,0.666666667
9/30/2016,1019,1,3,4,0,0.5
10/1/2016,1094,2,3,0,0,0
10/2/2016,1255,1,4,2,0,0.285714286
10/3/2016,961,2,3,0,0,0
10/4/2016,936,1,2,0,0,0
10/5/2016,927,1,0,2,0,0.666666667
10/6/2016,961,1,3,3,0,0.428571429
10/7/2016,1008,2,0,2,0,0.5
10/8/2016,1139,0,0,3,0,1
10/9/2016,1220,0,0,2,0,1
10/10/2016,914,2,0,2,0,0.5
10/11/2016,954,0,1,1,0,0.5
10/12/2016,851,0,0,2,0,1
10/13/2016,844,0,2,0,0,0
10/14/2016,965,1,0,3,0,0.75
10/15/2016,1037,0,0,4,0,1
10/16/2016,1343,1,0,4,0,0.8
10/17/2016,944,0,2,1,0,0.333333333
10/18/2016,1004,2,1,1,0,0.25
10/19/2016,916,1,0,0,0,0
10/20/2016,872,0,0,1,0,1
10/21/2016,852,0,0,1,0,1
10/22/2016,917,1,1,0,0,0
10/23/2016,1065,0,2,1,0,0.333333333
10/24/2016,680,1,0,1,0,0.5
10/25/2016,716,1,1,1,0,0.333333333
10/26/2016,733,0,1,2,0,0.666666667
10/27/2016,711,0,0,4,0,1
10/28/2016,747,0,1,1,0,0.5
10/29/2016,902,0,0,1,0,1
10/30/2016,952,0,0,0,0,#DIV/0!
10/31/2016,720,0,0,1,0,1
11/1/2016,794,2,3,4,0,0.444444444
11/2/2016,1716,0,1,7,0,0.875
11/3/2016,1583,1,2,7,0,0.7
11/4/2016,1514,1,2,6,0,0.666666667
11/5/2016,1716,2,2,5,0,0.555555556
11/6/2016,1950,0,5,5,0,0.5
11/7/2016,1326,2,1,8,0,0.727272727
11/8/2016,1355,3,1,7,0,0.636363636
11/9/2016,1253,3,1,5,0,0.555555556
11/10/2016,5833,25,17,45,0,0.517241379
11/11/2016,10978,89,61,158,0,0.512987013
11/12/2016,11503,68,70,164,0,0.543046358
11/13/2016,10402,55,64,131,0,0.524
11/14/2016,4924,17,22,60,0,0.606060606
11/15/2016,4225,12,8,29,0,0.591836735
11/16/2016,3573,4,6,21,0,0.677419355
11/17/2016,3207,4,7,12,0,0.52173913
11/18/2016,3239,5,4,12,0,0.571428571
11/19/2016,3565,3,5,9,0,0.529411765
11/20/2016,3587,3,2,10,0,0.666666667
11/21/2016,2622,3,4,9,0,0.5625
11/22/2016,2009,4,3,5,0,0.416666667
11/23/2016,2408,17,19,99,0,0.733333333
11/24/2016,2356,11,19,72,0,0.705882353
11/25/2016,2614,12,19,39,0,0.557142857
11/26/2016,2913,7,14,44,0,0.676923077
11/27/2016,3004,8,14,34,0,0.607142857
11/28/2016,2168,5,6,22,0,0.666666667
11/29/2016,2256,1,3,11,0,0.733333333
11/30/2016,1990,3,0,11,0,0.785714286
12/1/2016,1987,2,3,6,0,0.545454545
12/2/2016,2117,2,2,8,0,0.666666667
12/3/2016,2460,2,3,4,0,0.444444444
12/4/2016,2835,2,1,2,0,0.4
12/5/2016,1886,0,3,5,0,0.625
12/6/2016,1967,2,1,6,0,0.666666667
12/7/2016,1828,1,3,5,0,0.555555556
12/8/2016,1813,4,1,4,0,0.444444444
12/9/2016,2097,0,1,6,0,0.857142857
12/10/2016,2347,2,3,7,0,0.583333333
12/11/2016,2429,2,1,5,0,0.625
12/12/2016,1791,2,2,3,0,0.428571429
12/13/2016,2001,2,2,3,0,0.428571429
12/14/2016,1659,1,2,3,0,0.5
12/15/2016,2166,1,1,7,0,0.777777778
12/16/2016,1965,1,1,7,0,0.777777778
12/17/2016,2317,4,4,8,0,0.5
12/18/2016,2550,2,3,6,0,0.545454545
12/19/2016,1921,2,3,5,0,0.5
12/20/2016,1963,2,2,4,0,0.5
12/21/2016,1928,0,3,4,0,0.571428571
12/22/2016,1860,1,3,10,0,0.714285714
12/23/2016,2096,4,2,10,0,0.625
12/24/2016,2001,4,3,12,0,0.631578947
12/25/2016,2237,4,3,10,0,0.588235294
12/26/2016,2781,3,4,8,0,0.533333333
12/27/2016,2639,4,1,7,0,0.583333333
12/28/2016,2753,5,2,10,0,0.588235294
12/29/2016,2573,1,4,5,0,0.5
12/30/2016,2738,3,4,9,0,0.5625
12/31/2016,2532,4,5,7,0,0.4375
1/1/2017,2604,2,5,14,0,0.666666667
1/2/2017,2899,7,7,11,0,0.44
1/3/2017,2365,2,7,6,0,0.4
1/4/2017,2110,3,3,3,0,0.333333333
1/5/2017,2194,4,1,4,0,0.444444444
1/6/2017,1621,2,5,8,0,0.533333333
1/7/2017,2601,0,4,3,0,0.428571429
1/8/2017,2614,2,1,5,0,0.625
1/9/2017,1879,2,3,5,0,0.5
1/10/2017,1826,2,2,2,0,0.333333333
1/11/2017,1589,1,1,8,0,0.8
1/12/2017,1778,3,1,6,0,0.6
1/13/2017,1931,2,5,7,0,0.5
1/14/2017,2190,3,2,6,0,0.545454545
1/15/2017,2304,2,1,4,0,0.571428571
1/16/2017,1535,1,4,5,0,0.5
1/17/2017,1648,0,4,3,0,0.428571429
1/18/2017,1625,2,2,2,0,0.333333333
1/19/2017,1623,0,4,2,0,0.333333333
1/20/2017,1687,1,2,4,0,0.571428571
1/21/2017,2036,2,1,3,0,0.5
1/22/2017,2248,1,0,5,0,0.833333333
1/23/2017,1521,2,0,1,0,0.333333333
1/24/2017,1566,0,0,8,0,1
1/25/2017,1392,1,2,5,0,0.625
1/26/2017,1351,2,1,4,0,0.571428571
1/27/2017,1704,5,1,3,0,0.333333333
1/28/2017,1784,0,0,3,0,1
1/29/2017,2142,1,1,4,0,0.666666667
1/30/2017,1531,2,3,5,0,0.5
1/31/2017,1433,0,0,2,0,1
2/1/2017,1345,2,0,6,0,0.75
2/2/2017,1354,1,0,4,0,0.8
2/3/2017,1603,0,1,0,0,0
2/4/2017,1942,1,1,3,0,0.6
2/5/2017,2188,0,1,7,0,0.875
2/6/2017,1586,2,1,5,0,0.625
2/7/2017,1543,0,0,2,0,1
2/8/2017,1494,0,2,3,0,0.6
2/9/2017,1466,1,0,1,0,0.5
2/10/2017,1509,3,2,4,0,0.444444444
2/11/2017,1822,0,0,7,0,1
2/12/2017,1927,1,2,2,0,0.4
2/13/2017,1375,2,2,2,0,0.333333333
2/14/2017,1231,0,0,2,0,1
2/15/2017,1323,3,1,3,0,0.428571429
2/16/2017,1342,4,2,2,0,0.25
2/17/2017,1605,4,1,4,0,0.444444444
2/18/2017,1830,1,1,6,0,0.75
2/19/2017,1991,3,1,5,0,0.555555556
2/20/2017,1529,1,1,4,0,0.666666667
2/21/2017,1477,1,0,3,0,0.75
2/22/2017,1395,3,1,3,0,0.428571429
2/23/2017,1354,0,0,6,0,1
2/24/2017,1313,2,0,3,0,0.6
2/25/2017,1658,1,0,1,0,0.5
2/26/2017,1893,2,0,3,0,0.6
2/27/2017,1240,0,3,3,0,0.5
2/28/2017,1345,0,1,4,0,0.8
3/1/2017,1267,2,1,7,0,0.7
3/2/2017,1223,2,2,4,0,0.5
3/3/2017,1343,0,1,2,0,0.666666667
3/4/2017,1694,2,1,4,0,0.571428571
3/5/2017,1871,1,3,3,0,0.428571429
3/6/2017,1383,1,3,2,0,0.333333333
3/7/2017,1439,8,1,2,0,0.181818182
3/8/2017,1295,2,2,4,0,0.5
3/9/2017,1230,1,1,4,0,0.666666667
3/10/2017,1378,1,1,2,0,0.5
3/11/2017,1650,0,0,6,0,1
3/12/2017,1821,3,1,0,0,0
3/13/2017,1335,2,1,0,0,0
3/14/2017,1386,2,1,4,0,0.571428571
3/15/2017,1256,1,1,3,0,0.6
3/16/2017,1635,1,0,1,0,0.5
3/17/2017,1381,1,1,2,0,0.5
3/18/2017,1735,0,2,4,0,0.666666667
3/19/2017,3394,1,2,6,0,0.666666667
3/20/2017,2320,2,2,2,0,0.333333333
3/21/2017,1691,1,1,3,0,0.6
3/22/2017,806,2,2,6,0,0.6
3/23/2017,1677,2,1,4,0,0.571428571
3/24/2017,1890,2,0,0,0,0
3/25/2017,2170,1,1,1,0,0.333333333
3/26/2017,2413,1,1,2,0,0.5
3/27/2017,1588,2,0,6,0,0.75
3/28/2017,1623,0,2,4,0,0.666666667
3/29/2017,1494,0,1,0,0,0
3/30/2017,1452,0,1,3,0,0.75
3/31/2017,1594,3,2,3,0,0.375
4/1/2017,2029,2,3,2,0,0.285714286
4/2/2017,2149,0,1,1,0,0.5
4/3/2017,1530,2,4,5,0,0.454545455
4/4/2017,1521,0,1,2,0,0.666666667
4/5/2017,2151,3,5,7,0,0.466666667
4/6/2017,4639,8,12,32,0,0.615384615
4/7/2017,8048,47,36,39,0,0.319672131
4/8/2017,10064,48,38,49,0,0.362962963
4/9/2017,9353,54,52,65,0,0.380116959
4/10/2017,7157,18,21,35,0,0.472972973
4/11/2017,3934,5,8,16,0,0.551724138
4/12/2017,3541,3,6,15,0,0.625
4/13/2017,3561,5,9,12,0,0.461538462
4/14/2017,3662,7,2,10,0,0.526315789
4/15/2017,3747,2,1,7,0,0.7
4/16/2017,3594,3,2,6,0,0.545454545
4/17/2017,2969,2,1,10,0,0.769230769
4/18/2017,2555,2,5,7,0,0.5
4/19/2017,2372,2,2,4,0,0.5
4/20/2017,2594,1,2,7,0,0.7
4/21/2017,2728,1,3,5,0,0.555555556
4/22/2017,2963,7,0,3,0,0.3
4/23/2017,2996,1,3,3,0,0.428571429
4/24/2017,2222,4,1,4,0,0.444444444
4/25/2017,2365,2,2,5,0,0.555555556
4/26/2017,1898,1,1,3,0,0.6
4/27/2017,1965,1,2,3,0,0.5
4/28/2017,2212,1,0,6,0,0.857142857
4/29/2017,2422,4,4,3,0,0.272727273
4/30/2017,2727,1,1,5,0,0.714285714
5/1/2017,2217,2,1,10,0,0.769230769
5/2/2017,3446,4,3,7,0,0.5
5/3/2017,3060,0,0,3,0,1
5/4/2017,3078,0,1,6,0,0.857142857
5/5/2017,3181,3,1,6,0,0.6
5/6/2017,3539,5,3,2,0,0.2
5/7/2017,3703,5,5,8,0,0.444444444
5/8/2017,2941,5,2,2,0,0.222222222
5/9/2017,2765,4,4,4,0,0.333333333
5/10/2017,2533,4,1,2,0,0.285714286
5/11/2017,2240,1,1,6,0,0.75
5/12/2017,2452,2,3,5,0,0.5
5/13/2017,2936,0,2,6,0,0.75
5/14/2017,2973,3,1,8,0,0.666666667
5/15/2017,2288,1,2,2,0,0.4
5/16/2017,2283,0,3,1,0,0.25
5/17/2017,2295,3,3,3,0,0.333333333
5/18/2017,2308,1,6,5,0,0.416666667
5/19/2017,2172,1,2,4,0,0.571428571
5/20/2017,2505,3,3,2,0,0.25
5/21/2017,2663,0,0,6,0,1
5/22/2017,2099,1,4,5,0,0.5
5/23/2017,2237,1,0,8,0,0.888888889
5/24/2017,2090,1,0,2,0,0.666666667
5/25/2017,2036,2,0,2,0,0.5
5/26/2017,2154,2,2,2,0,0.333333333
5/27/2017,2252,4,4,4,0,0.333333333
5/28/2017,2738,4,3,5,0,0.416666667
5/29/2017,2423,1,2,5,0,0.625
5/30/2017,1995,1,0,6,0,0.857142857
5/31/2017,2036,2,2,5,0,0.555555556
6/1/2017,1922,2,3,4,0,0.444444444
6/2/2017,2230,3,1,4,0,0.5
6/3/2017,2441,2,1,7,0,0.7
6/4/2017,2903,1,5,6,0,0.5
6/5/2017,2647,2,4,9,0,0.6
6/6/2017,2425,2,3,5,0,0.5
6/7/2017,2132,2,2,4,0,0.5
6/8/2017,2146,1,2,5,0,0.625
6/9/2017,2295,2,3,5,0,0.5
6/10/2017,2384,0,2,2,0,0.5
6/11/2017,2619,3,0,3,0,0.5
6/12/2017,2046,3,3,6,0,0.5
6/13/2017,2110,0,4,4,0,0.5
6/14/2017,1996,1,1,4,0,0.666666667
6/15/2017,2056,1,1,3,0,0.6
6/16/2017,2098,2,2,4,0,0.5
6/17/2017,2229,2,0,6,0,0.75
6/18/2017,2349,1,2,4,0,0.571428571
6/19/2017,1965,0,4,4,0,0.5
6/20/2017,1953,3,2,7,0,0.583333333
6/21/2017,1773,3,0,5,0,0.625
6/22/2017,1947,7,4,8,0,0.421052632
6/23/2017,2800,9,3,18,0,0.6
6/24/2017,3239,11,7,8,0,0.307692308
6/25/2017,3710,4,2,12,0,0.666666667
6/26/2017,3334,9,6,15,0,0.5
6/27/2017,3273,4,5,20,0,0.689655172
6/28/2017,3096,3,7,14,0,0.583333333
6/29/2017,2911,6,5,12,0,0.52173913
6/30/2017,2912,7,3,15,0,0.6
7/1/2017,3190,7,6,7,0,0.35
7/2/2017,3650,5,9,11,0,0.44
7/3/2017,3420,3,3,8,0,0.571428571
7/4/2017,3685,8,9,10,0,0.37037037
7/5/2017,3182,3,4,11,0,0.611111111
7/6/2017,2827,6,1,0,0,0
7/7/2017,2820,5,2,8,0,0.533333333
7/8/2017,2838,5,2,7,0,0.5
7/9/2017,3214,2,1,6,0,0.666666667
7/10/2017,2839,4,6,8,0,0.444444444
7/11/2017,2619,3,0,5,0,0.625
7/12/2017,2508,2,1,9,0,0.75
7/13/2017,3069,1,7,9,0,0.529411765
7/14/2017,2817,4,3,6,0,0.461538462
7/15/2017,3033,1,2,5,0,0.625
7/16/2017,3177,3,2,7,0,0.583333333
7/17/2017,2526,1,2,10,0,0.769230769
7/18/2017,2383,4,3,4,0,0.363636364
7/19/2017,2283,3,0,5,0,0.625
7/20/2017,2233,1,2,6,0,0.666666667
7/21/2017,2294,5,2,1,0,0.125
7/22/2017,2545,0,2,9,0,0.818181818
7/23/2017,2804,2,3,4,0,0.444444444
7/24/2017,2294,0,4,4,0,0.5
7/25/2017,2384,1,1,5,0,0.714285714
7/26/2017,2234,3,2,6,0,0.545454545
7/27/2017,2235,3,3,4,0,0.4
7/28/2017,2104,3,3,6,0,0.5
7/29/2017,2403,3,2,8,0,0.615384615
7/30/2017,2701,0,1,8,0,0.888888889
7/31/2017,2198,3,2,5,0,0.5
8/1/2017,2285,1,4,5,0,0.5
8/2/2017,2084,4,3,6,0,0.461538462
8/3/2017,2056,2,2,5,0,0.555555556
8/4/2017,2023,1,3,4,0,0.5
8/5/2017,2291,3,1,8,0,0.666666667
8/6/2017,2446,2,2,5,0,0.555555556
8/7/2017,1916,4,2,8,0,0.571428571
8/8/2017,1978,2,4,1,0,0.142857143
8/9/2017,1879,0,0,5,0,1
8/10/2017,1885,0,3,6,0,0.666666667
8/11/2017,2007,5,1,2,0,0.25
8/12/2017,2323,1,1,6,0,0.75
8/13/2017,2491,0,1,3,0,0.75
8/14/2017,1842,1,1,1,0,0.333333333
8/15/2017,1879,0,2,2,0,0.5
8/16/2017,1866,2,1,1,0,0.25
8/17/2017,1816,2,3,3,0,0.375
8/18/2017,1953,1,0,3,0,0.75
8/19/2017,2220,2,1,4,0,0.571428571
8/20/2017,2662,2,4,6,0,0.5
8/21/2017,1799,0,1,4,0,0.8
8/22/2017,1823,1,4,1,60,0.166666667
8/23/2017,1749,2,3,3,69,0.375
8/24/2017,1888,1,1,3,90,0.6
8/25/2017,1829,4,1,2,300,0.285714286
8/26/2017,2076,4,4,7,292,0.466666667
8/27/2017,2424,0,2,2,221,0.5
8/28/2017,1652,0,0,3,108,1
8/29/2017,1681,2,2,2,66,0.333333333
8/30/2017,1595,1,1,4,79,0.666666667
8/31/2017,1550,0,0,1,29,1
9/1/2017,1786,1,2,6,102,0.666666667
9/2/2017,2067,1,2,2,63,0.4
9/3/2017,2151,2,1,4,78,0.571428571
9/4/2017,2139,2,1,8,895,0.727272727
9/5/2017,1631,1,1,4,792,0.666666667
9/6/2017,1615,0,1,2,67,0.666666667
9/7/2017,1599,2,1,3,195,0.5
9/8/2017,2112,6,1,4,209,0.363636364
9/9/2017,2308,3,4,4,266,0.363636364
9/10/2017,2503,3,1,7,33943,0.636363636
9/11/2017,1859,3,1,4,544,0.5
9/12/2017,1802,0,2,7,76,0.777777778
9/13/2017,1707,3,1,6,47,0.6
9/14/2017,1707,0,0,7,114,1
9/15/2017,1782,2,2,3,55,0.428571429
9/16/2017,2248,0,4,5,146,0.555555556
9/17/2017,2449,1,3,2,401,0.333333333
9/18/2017,1779,4,1,4,178,0.444444444
9/19/2017,1707,0,0,4,176,1
9/20/2017,1675,1,3,3,154,0.428571429
9/21/2017,1731,2,0,1,1222,0.333333333
9/22/2017,1824,2,2,2,78,0.333333333
9/23/2017,2095,0,2,4,90,0.666666667
9/24/2017,2398,2,1,7,151,0.7
9/25/2017,1672,2,1,4,152,0.571428571
9/26/2017,1634,1,3,1,57,0.2
9/27/2017,1591,2,0,7,98,0.777777778
9/28/2017,1584,2,4,3,95,0.333333333
9/29/2017,1695,2,4,4,52,0.4
9/30/2017,1991,1,1,3,106,0.6
10/1/2017,2228,2,3,2,179,0.285714286
10/2/2017,1642,3,0,4,88,0.571428571
10/3/2017,1750,1,2,4,86,0.571428571
10/4/2017,1652,5,1,3,105,0.333333333
10/5/2017,1736,3,1,4,221,0.5
10/6/2017,1850,1,0,3,221,0.75
10/7/2017,2265,1,0,4,88,0.8
10/8/2017,2381,1,3,4,176,0.5
10/9/2017,1973,2,2,6,86,0.6
10/10/2017,1720,1,2,5,2195,0.625
10/11/2017,1770,5,2,2,125,0.222222222
10/12/2017,1746,4,1,4,122,0.444444444
10/13/2017,1822,1,0,4,169,0.8
10/14/2017,2142,2,2,2,124,0.333333333
10/15/2017,2243,1,0,6,300,0.857142857
10/16/2017,1720,0,0,4,152,1
10/17/2017,1672,2,2,5,310,0.555555556
10/18/2017,1580,2,3,4,79,0.444444444
10/19/2017,1846,0,1,3,498,0.75
10/20/2017,1890,1,1,4,150,0.666666667
10/21/2017,2194,2,4,1,283,0.142857143
10/22/2017,2335,0,2,4,167,0.666666667
10/23/2017,1725,1,0,6,90,0.857142857
10/24/2017,1679,1,1,8,125,0.8
10/25/2017,1610,1,2,2,86,0.4
10/26/2017,1583,3,4,4,70,0.363636364
10/27/2017,1899,2,3,5,73,0.5
10/28/2017,2154,3,1,5,174,0.555555556
10/29/2017,2443,1,4,7,240,0.583333333
10/30/2017,1946,1,1,8,86,0.8
10/31/2017,2087,3,2,4,72,0.444444444
11/1/2017,2078,2,4,5,73,0.454545455
11/2/2017,2124,1,1,7,377,0.777777778
11/3/2017,2060,1,3,2,90,0.333333333
11/4/2017,2372,0,3,5,73,0.625
11/5/2017,2528,4,2,8,212,0.571428571
11/6/2017,1803,3,3,2,150,0.25
11/7/2017,1746,1,0,5,96,0.833333333
11/8/2017,1644,1,1,7,885,0.777777778
11/9/2017,3919,17,15,31,5945,0.492063492
11/10/2017,8123,34,36,40,1879,0.363636364
11/11/2017,9403,41,32,46,31426,0.386554622
11/12/2017,8822,35,41,68,23000,0.472222222
11/13/2017,4642,11,25,30,788,0.454545455
11/14/2017,3866,11,4,11,1650,0.423076923
11/15/2017,3485,6,8,8,2140,0.363636364
11/16/2017,3264,1,3,11,711,0.733333333
11/17/2017,3263,1,5,6,329,0.5
11/18/2017,3562,4,3,5,3531,0.416666667
11/19/2017,3707,4,3,8,9789,0.533333333
11/20/2017,2918,0,2,9,292,0.818181818
11/21/2017,2685,2,3,4,459,0.444444444
11/22/2017,2625,21,24,66,728,0.594594595
11/23/2017,2806,20,24,60,1016,0.576923077
11/24/2017,3316,15,18,67,654,0.67
11/25/2017,3405,11,19,46,608,0.605263158
11/26/2017,3806,9,21,30,554,0.5
11/27/2017,2778,10,8,22,118,0.55
11/28/2017,2699,4,4,20,33425,0.714285714
11/29/2017,2442,3,1,14,103,0.777777778
11/30/2017,2496,2,0,5,123,0.714285714
12/1/2017,2571,1,0,8,317,0.888888889
12/2/2017,3201,3,4,6,239,0.461538462
12/3/2017,3089,5,1,4,879,0.4
12/4/2017,2358,1,4,8,131,0.615384615
12/5/2017,2230,2,2,5,219,0.555555556
12/6/2017,2186,1,2,5,84,0.625
12/7/2017,2308,1,2,3,310,0.5
12/8/2017,2363,1,1,4,397,0.666666667
12/9/2017,2849,0,1,4,157,0.8
12/10/2017,2735,3,2,8,275,0.615384615
12/11/2017,2113,3,1,5,145,0.555555556
12/12/2017,2043,0,4,4,220,0.5
12/13/2017,1963,2,2,4,79,0.5
12/14/2017,1995,1,0,1,152,0.5
12/15/2017,2057,1,1,1,115,0.333333333
12/16/2017,2510,3,2,4,125,0.444444444
12/17/2017,2585,1,1,5,101,0.714285714
12/18/2017,1899,3,1,1,218,0.2
12/19/2017,2171,1,2,5,88,0.625
12/20/2017,2012,2,2,5,79,0.555555556
12/21/2017,3246,1,1,5,4889,0.714285714
12/22/2017,3069,2,1,7,2322,0.7
12/23/2017,3034,3,7,5,436,0.333333333
12/24/2017,2406,4,1,9,2604,0.642857143
12/25/2017,2285,4,4,3,76,0.272727273
12/26/2017,2663,3,6,6,83,0.4
12/27/2017,2830,6,4,19,115,0.655172414
12/28/2017,3086,5,5,11,157,0.523809524
12/29/2017,3076,8,2,13,219,0.565217391
12/30/2017,3301,3,4,7,1198,0.5
12/31/2017,2583,3,4,8,197,0.533333333
1/1/2018,3305,3,9,4,101,0.25
1/2/2018,2992,4,3,9,89,0.5625
1/3/2018,2895,3,6,8,127,0.470588235
1/4/2018,2951,2,6,7,249,0.466666667
1/5/2018,2876,2,2,6,218,0.6
1/6/2018,3193,4,2,4,1365,0.4
1/7/2018,3144,1,7,7,154,0.466666667
1/8/2018,2404,1,0,0,116,0
1/9/2018,2340,3,3,7,68,0.538461538
1/10/2018,2229,0,2,2,95,0.5
1/11/2018,2250,2,2,4,113,0.5
1/12/2018,2495,0,3,3,224,0.5
1/13/2018,2816,2,2,3,3650,0.428571429
1/14/2018,2856,2,3,3,247,0.375
1/15/2018,2445,2,4,3,302,0.333333333
1/16/2018,2232,2,2,6,58,0.6
1/17/2018,2191,1,0,2,104,0.666666667
1/18/2018,2135,1,1,4,69,0.666666667
1/19/2018,2295,0,3,1,3587,0.25
1/20/2018,2785,5,1,0,103,0
1/21/2018,2847,4,0,1,174,0.2
1/22/2018,2059,2,1,6,111,0.666666667
1/23/2018,2104,0,2,5,127,0.714285714
1/24/2018,2099,2,0,4,82,0.666666667
1/25/2018,2131,0,2,3,156,0.6
1/26/2018,2279,1,3,3,99,0.428571429
1/27/2018,2629,1,2,2,135,0.4
1/28/2018,2629,1,1,4,258,0.666666667
1/29/2018,2188,3,2,4,96,0.444444444
1/30/2018,2006,1,2,1,98,0.25
1/31/2018,1916,1,0,6,54,0.857142857
2/1/2018,2029,0,1,5,94,0.833333333
2/2/2018,3025,2,0,3,156,0.6
2/3/2018,4107,3,1,2,1945,0.333333333
2/4/2018,4402,0,3,10,1477,0.769230769
2/5/2018,7570,11,22,38,5834,0.535211268
2/6/2018,8560,16,12,29,5834,0.50877193
2/7/2018,8489,10,11,27,3565,0.5625
2/8/2018,7192,2,9,18,4355,0.620689655
2/9/2018,7141,4,5,18,5476,0.666666667
2/10/2018,7900,4,8,9,579,0.428571429
2/11/2018,8129,5,6,17,971,0.607142857
2/12/2018,5964,2,5,4,552,0.363636364
2/13/2018,5053,4,1,7,686,0.583333333
2/14/2018,4151,4,2,16,1041,0.727272727
2/15/2018,4429,5,5,10,1270,0.5
2/16/2018,4933,4,6,5,845,0.333333333
2/17/2018,5475,3,4,14,442,0.666666667
2/18/2018,5742,3,3,8,483,0.571428571
2/19/2018,4743,3,6,11,481,0.55
2/20/2018,4123,1,2,12,300,0.8
2/21/2018,3980,4,5,8,289,0.470588235
2/22/2018,3815,4,0,5,351,0.555555556
2/23/2018,3987,3,5,8,292,0.5
2/24/2018,4659,4,3,8,248,0.533333333
2/25/2018,4911,2,2,6,282,0.6
2/26/2018,3504,1,1,5,219,0.714285714
2/27/2018,3507,3,3,4,344,0.4
2/28/2018,3374,3,3,5,246,0.454545455
3/1/2018,3352,1,2,7,271,0.7
3/2/2018,3585,1,2,11,377,0.785714286
3/3/2018,4162,1,4,7,301,0.583333333
3/4/2018,4330,4,7,5,221,0.3125
3/5/2018,3017,0,4,7,269,0.636363636
3/6/2018,2920,1,5,6,111,0.5
3/7/2018,3025,4,3,4,220,0.363636364
3/8/2018,3023,1,3,3,228,0.428571429
3/9/2018,3089,0,5,4,129,0.444444444
3/10/2018,3589,0,1,2,109,0.666666667
3/11/2018,3903,0,1,3,231,0.75
3/12/2018,2960,2,4,11,250,0.647058824
3/13/2018,2982,1,3,4,211,0.5
3/14/2018,2772,2,1,4,162,0.571428571
3/15/2018,2828,0,1,3,173,0.75
3/16/2018,3054,0,2,5,111,0.714285714
3/17/2018,3544,0,0,3,224,1
3/18/2018,3766,3,0,4,3794,0.571428571
3/19/2018,2626,3,1,3,263,0.428571429
3/20/2018,2791,1,3,3,84,0.428571429
3/21/2018,2745,1,1,6,140,0.75
3/22/2018,2585,2,2,5,200,0.555555556
3/23/2018,2748,5,5,6,1147,0.375
3/24/2018,3231,4,1,3,199,0.375
3/25/2018,3165,1,1,4,114,0.666666667
3/26/2018,2457,4,1,1,121,0.166666667
3/27/2018,2380,3,2,2,142,0.285714286
3/28/2018,2264,2,1,2,167,0.4
3/29/2018,2407,2,3,2,92,0.285714286
3/30/2018,2645,1,1,6,119,0.75
3/31/2018,2727,2,2,6,146,0.6
4/1/2018,2884,3,2,2,186,0.285714286
4/2/2018,2479,2,1,2,152,0.4
4/3/2018,2464,1,3,4,88,0.5
4/4/2018,2421,2,2,5,123,0.555555556
4/5/2018,2453,1,1,6,384,0.75
4/6/2018,2715,0,2,2,182,0.5
4/7/2018,3035,3,2,2,223,0.285714286
4/8/2018,3153,0,0,5,202,1
4/9/2018,2420,4,0,1,208,0.2
4/10/2018,2400,1,1,4,244,0.666666667
4/11/2018,2291,1,2,0,149,0
4/12/2018,2313,0,3,3,1055,0.5
4/13/2018,2582,2,2,7,315,0.636363636
4/14/2018,2908,2,1,5,234,0.625
4/15/2018,3167,3,3,4,203,0.4
4/16/2018,2377,3,3,5,202,0.454545455
4/17/2018,2283,1,0,3,74,0.75
4/18/2018,2254,2,1,3,115,0.5
4/19/2018,2143,2,2,5,206,0.555555556
4/20/2018,2454,5,2,5,69,0.416666667
4/21/2018,3113,2,2,3,115,0.428571429
4/22/2018,3371,3,4,4,129,0.363636364
4/23/2018,2561,4,0,3,1958,0.428571429
4/24/2018,2355,1,1,3,152,0.6
4/25/2018,2481,2,2,5,1002,0.555555556
4/26/2018,2256,0,1,0,156,0
4/27/2018,2332,1,4,2,105,0.285714286
4/28/2018,2841,2,2,5,575,0.555555556
4/29/2018,2987,2,3,4,318,0.444444444
4/30/2018,2889,3,1,4,2201,0.5
5/1/2018,2868,0,3,3,2715,0.5
5/2/2018,2931,1,2,2,4475,0.4
5/3/2018,2696,1,1,4,4073,0.666666667
5/4/2018,4954,5,2,11,6002,0.611111111
5/5/2018,5707,4,4,9,2641,0.529411765
5/6/2018,5955,2,1,5,2705,0.625
5/7/2018,4483,3,2,9,2584,0.642857143
5/8/2018,4333,3,1,5,1480,0.555555556
5/9/2018,4145,1,1,3,758,0.6
5/10/2018,3977,3,0,6,183,0.666666667
5/11/2018,4232,2,4,5,270,0.454545455
5/12/2018,4918,2,5,0,286,0
5/13/2018,4829,3,0,7,493,0.7
5/14/2018,3675,1,0,2,302,0.666666667
5/15/2018,3653,0,3,3,153,0.5
5/16/2018,3493,1,3,7,214,0.636363636
5/17/2018,3308,0,3,5,715,0.625
5/18/2018,3555,2,0,2,235,0.5
5/19/2018,4135,3,1,4,3114,0.5
5/20/2018,4350,1,4,4,717,0.444444444
5/21/2018,3538,2,1,8,162,0.727272727
5/22/2018,3442,1,3,6,132,0.6
5/23/2018,3190,2,1,4,122,0.571428571
5/24/2018,3326,1,2,3,121,0.5
5/25/2018,3394,5,0,3,166,0.375
5/26/2018,3120,5,1,6,970,0.5
5/27/2018,3671,3,1,4,213,0.5
5/28/2018,3662,5,2,7,110,0.5
5/29/2018,3298,1,0,4,124,0.8
5/30/2018,3303,2,4,5,3573,0.454545455
5/31/2018,3381,2,3,8,926,0.615384615
6/1/2018,3193,2,2,5,1560,0.555555556
6/2/2018,3728,1,1,4,290,0.666666667
6/3/2018,3828,2,2,9,624,0.692307692
6/4/2018,3175,0,2,3,3559,0.6
6/5/2018,3072,3,5,5,167,0.384615385
6/6/2018,2990,3,3,4,101,0.4
6/7/2018,2961,2,2,5,801,0.555555556
6/8/2018,2490,2,0,4,165,0.666666667
6/9/2018,2978,1,2,3,107,0.5
6/10/2018,2916,5,1,3,343,0.333333333
6/11/2018,2759,1,2,4,98,0.571428571
6/12/2018,2615,3,2,4,98,0.444444444
6/13/2018,2568,2,1,4,115,0.571428571
6/14/2018,2602,1,1,5,261,0.714285714
6/15/2018,2515,2,4,4,136,0.4
6/16/2018,2925,3,3,4,2997,0.4
6/17/2018,2965,1,1,2,125,0.5
6/18/2018,2607,4,1,4,109,0.444444444
6/19/2018,2765,0,3,6,163,0.666666667
6/20/2018,2698,1,3,6,137,0.6
6/21/2018,4106,6,2,16,225,0.666666667
6/22/2018,5523,8,7,11,609,0.423076923
6/23/2018,5972,10,7,12,930,0.413793103
6/24/2018,5929,4,10,18,1927,0.5625
6/25/2018,4221,5,10,8,1257,0.347826087
6/26/2018,4348,1,5,3,180,0.333333333
6/27/2018,4199,2,4,3,399,0.333333333
6/28/2018,4392,4,4,6,169,0.428571429
6/29/2018,4599,5,2,7,918,0.5
6/30/2018,4798,2,6,9,1268,0.529411765
7/1/2018,5431,4,5,7,1795,0.4375
7/2/2018,4859,2,2,9,1643,0.692307692
7/3/2018,4691,9,5,2,1116,0.125
7/4/2018,5362,4,3,9,1792,0.5625
7/5/2018,5136,4,4,8,1302,0.5
7/6/2018,4830,0,2,12,2038,0.857142857
7/7/2018,4432,4,2,3,264,0.333333333
7/8/2018,4811,2,1,3,245,0.5
7/9/2018,4716,3,5,3,404,0.272727273
7/10/2018,3990,3,0,5,1006,0.625
7/11/2018,3728,2,3,5,1354,0.5
7/12/2018,4103,1,1,6,1564,0.75
7/13/2018,4061,0,4,4,2924,0.5
7/14/2018,4430,2,1,4,1718,0.571428571
7/15/2018,4908,3,1,5,1508,0.555555556
7/16/2018,4192,0,2,4,211,0.666666667
7/17/2018,3911,2,0,3,328,0.6
7/18/2018,3317,2,6,10,432,0.555555556
7/19/2018,3258,2,4,5,279,0.454545455
7/20/2018,3194,4,4,6,270,0.428571429
7/21/2018,3649,1,2,1,268,0.25
7/22/2018,4164,4,0,2,201,0.333333333
7/23/2018,3346,1,2,3,227,0.5
7/24/2018,3221,2,4,2,287,0.25
7/25/2018,3082,4,2,4,309,0.4
7/26/2018,2930,1,2,3,100,0.5
7/27/2018,2945,3,1,4,368,0.5
7/28/2018,3288,1,2,5,449,0.625
7/29/2018,3626,2,3,4,472,0.444444444
7/30/2018,3081,1,2,6,261,0.666666667
7/31/2018,2998,1,1,0,137,0
8/1/2018,2813,1,1,2,115,0.5
8/2/2018,2850,2,1,0,193,0
8/3/2018,2791,2,5,3,529,0.3
8/4/2018,3195,0,2,1,162,0.333333333
8/5/2018,3563,2,0,4,1171,0.666666667
8/6/2018,3126,0,2,2,97,0.5
8/7/2018,2898,2,1,1,617,0.25
8/8/2018,2936,0,1,5,637,0.833333333
8/9/2018,2822,1,4,3,247,0.375
8/10/2018,2770,1,4,4,86,0.444444444
8/11/2018,3108,5,5,5,331,0.333333333
8/12/2018,3520,3,1,1,361,0.2
8/13/2018,2958,2,4,4,1404,0.4
8/14/2018,2861,3,1,3,120,0.428571429
8/15/2018,2776,1,3,3,235,0.428571429
8/16/2018,2719,0,1,3,283,0.75
8/17/2018,2782,1,1,0,181,0
8/18/2018,3251,0,3,1,191,0.25
8/19/2018,3461,2,6,5,176,0.384615385
8/20/2018,2723,0,2,2,97,0.5
8/21/2018,2666,1,2,3,72,0.5
8/22/2018,2690,1,2,4,84,0.571428571
8/23/2018,2636,2,0,4,248,0.666666667
8/24/2018,2822,0,1,4,87,0.8
8/25/2018,3046,1,1,6,85,0.75
8/26/2018,3435,1,1,5,217,0.714285714
8/27/2018,2628,2,4,1,188,0.142857143
8/28/2018,2583,1,0,7,126,0.875
8/29/2018,2400,0,1,2,89,0.666666667
8/30/2018,2387,0,2,3,74,0.6
8/31/2018,2395,1,2,4,53,0.571428571
9/1/2018,2748,3,1,8,110,0.666666667
9/2/2018,2974,0,0,3,149,1
9/3/2018,2868,1,2,2,76,0.4
9/4/2018,2159,0,1,2,103,0.666666667
9/5/2018,2072,0,0,1,136,1
9/6/2018,1897,2,0,5,74,0.714285714
9/7/2018,2154,0,0,2,72,1
9/8/2018,2581,0,0,3,978,1
9/9/2018,2785,0,2,1,212,0.333333333
9/10/2018,2105,0,3,0,69,0
9/11/2018,2081,1,0,1,88,0.5
9/12/2018,2111,0,1,2,58,0.666666667
9/13/2018,2020,0,1,1,76,0.5
9/14/2018,2262,0,0,1,56,1
9/15/2018,2580,1,1,2,57,0.5
9/16/2018,2720,1,0,1,127,0.5
9/17/2018,2131,1,1,1,79,0.333333333
9/18/2018,2119,1,1,1,72,0.333333333
9/19/2018,2059,1,1,1,51,0.333333333
9/20/2018,1977,2,2,1,460,0.2
9/21/2018,2214,0,1,2,646,0.666666667
9/22/2018,2614,2,2,5,1058,0.555555556
9/23/2018,2898,3,2,2,657,0.285714286
9/24/2018,2156,1,2,1,79,0.25
9/25/2018,2133,0,3,2,82,0.4
9/26/2018,2019,2,1,0,60,0
9/27/2018,2034,1,1,1,87,0.333333333
9/28/2018,2229,1,1,0,72,0
9/29/2018,2557,1,1,3,143,0.6
9/30/2018,3023,2,1,3,169,0.5
10/1/2018,2215,2,0,1,103,0.333333333
10/2/2018,2348,2,6,0,126,0
10/3/2018,2201,2,2,3,116,0.428571429
10/4/2018,2280,0,2,0,119,0
10/5/2018,2421,0,0,2,101,1
10/6/2018,3012,0,2,1,90,0.333333333
10/7/2018,2971,1,3,3,136,0.428571429
10/8/2018,2679,0,1,0,120,0
10/9/2018,2515,1,1,2,589,0.5
10/10/2018,2560,2,0,2,1191,0.5
10/11/2018,2422,0,0,2,178,1
10/12/2018,2647,1,1,1,118,0.333333333
10/13/2018,3219,0,0,2,161,1
10/14/2018,3498,2,1,2,309,0.4
10/15/2018,2792,3,2,0,66,0
10/16/2018,2749,0,0,5,1332,1
10/17/2018,2773,0,1,3,105,0.75
10/18/2018,2904,0,3,3,115,0.5
10/19/2018,2845,1,3,3,75,0.428571429
10/20/2018,3511,1,1,6,183,0.75
10/21/2018,3689,1,3,2,211,0.333333333
10/22/2018,2807,0,0,5,77,1
10/23/2018,2892,1,0,5,239,0.833333333
10/24/2018,2580,1,2,1,80,0.25
10/25/2018,2682,0,1,4,468,0.8
10/26/2018,2684,1,2,3,85,0.5
10/27/2018,3187,1,1,3,132,0.6
10/28/2018,3197,4,0,6,152,0.6
10/29/2018,2476,1,1,3,427,0.6
10/30/2018,2476,0,2,5,112,0.714285714
10/31/2018,2476,2,1,3,67,0.5
11/1/2018,2666,2,1,1,133,0.25
11/2/2018,2883,1,1,4,100,0.666666667
11/3/2018,3181,0,3,6,122,0.666666667
11/4/2018,3500,2,0,4,218,0.666666667
11/5/2018,2428,1,0,2,81,0.666666667
11/6/2018,2274,1,2,2,1136,0.4
11/7/2018,1940,2,1,3,2195,0.5
11/8/2018,1781,1,2,2,1437,0.4
11/9/2018,5388,13,8,10,1085,0.322580645
11/10/2018,7829,48,22,21,1551,0.230769231
11/11/2018,8496,21,22,17,324,0.283333333
11/12/2018,6233,16,12,27,506,0.490909091
11/13/2018,5317,11,7,15,1155,0.454545455
11/14/2018,4798,5,8,15,104,0.535714286
11/15/2018,4557,2,2,4,107,0.5
11/16/2018,4610,3,1,7,130,0.636363636
11/17/2018,5085,3,5,5,233,0.384615385
11/18/2018,4965,0,2,1,161,0.333333333
11/19/2018,3885,1,2,5,1006,0.625
11/20/2018,3682,3,2,6,1462,0.545454545
11/21/2018,3489,21,32,119,362,0.691860465
11/22/2018,3261,33,48,120,3055,0.597014925
11/23/2018,3839,15,27,73,184,0.634782609
11/24/2018,4088,8,19,66,167,0.709677419
11/25/2018,4129,9,12,45,491,0.681818182
11/26/2018,3026,8,12,32,135,0.615384615
11/27/2018,2920,4,5,13,116,0.590909091
11/28/2018,2678,2,2,2,484,0.333333333
11/29/2018,2785,2,2,3,506,0.428571429
11/30/2018,3041,1,1,3,211,0.6
12/1/2018,3525,1,1,5,137,0.714285714
12/2/2018,3856,4,2,1,214,0.142857143
12/3/2018,2646,1,2,6,174,0.666666667
12/4/2018,2798,2,0,5,139,0.714285714
12/5/2018,2622,2,1,3,116,0.5
12/6/2018,2640,0,2,1,122,0.333333333
12/7/2018,2610,0,0,5,73,1
12/8/2018,3141,1,2,4,128,0.571428571
12/9/2018,3409,3,2,8,3706,0.615384615
12/10/2018,2806,3,4,5,132,0.416666667
12/11/2018,2600,1,3,1,215,0.2
12/12/2018,2556,4,3,6,168,0.461538462
12/13/2018,2455,3,2,1,107,0.166666667
12/14/2018,2655,4,4,6,122,0.428571429
12/15/2018,3202,0,1,4,136,0.8
12/16/2018,3328,2,0,2,198,0.5
12/17/2018,2570,0,2,7,1127,0.777777778
12/18/2018,2570,0,0,1,110,1
12/19/2018,2492,0,1,2,92,0.666666667
12/20/2018,2606,3,2,10,168,0.666666667
12/21/2018,2916,3,3,8,126,0.571428571
12/22/2018,3017,1,0,7,814,0.875
12/23/2018,3040,2,2,9,306,0.692307692
12/24/2018,2224,3,2,2,241,0.285714286
12/25/2018,2560,0,4,2,168,0.333333333
12/26/2018,2858,2,1,7,123,0.7
12/27/2018,3175,4,3,9,98,0.5625
12/28/2018,3180,1,6,9,182,0.5625
12/29/2018,3442,1,1,4,97,0.666666667
12/30/2018,3431,3,1,8,148,0.666666667
12/31/2018,2734,2,1,5,73,0.625
1/1/2019,3256,3,4,5,119,0.416666667
1/2/2019,3113,3,3,4,80,0.4
1/3/2019,3046,2,1,6,241,0.666666667
1/4/2019,3331,3,2,3,424,0.375
1/5/2019,3547,3,2,4,265,0.444444444
1/6/2019,3389,2,0,5,252,0.714285714
1/7/2019,2612,1,3,2,151,0.333333333
1/8/2019,2471,3,0,5,83,0.625
1/9/2019,2480,1,7,2,1203,0.2
1/10/2019,2477,2,1,3,121,0.5
1/11/2019,2742,3,2,1,182,0.166666667
1/12/2019,3365,2,0,4,115,0.666666667
1/13/2019,3314,0,2,3,307,0.6
1/14/2019,2506,0,2,3,391,0.6
1/15/2019,2496,0,2,0,3116,0
1/16/2019,2387,2,2,0,159,0
1/17/2019,2467,0,2,2,1636,0.5
1/18/2019,2725,1,0,1,216,0.5
1/19/2019,3156,0,0,2,236,1
1/20/2019,3421,2,1,4,176,0.571428571
1/21/2019,2731,1,0,2,208,0.666666667
1/22/2019,2542,3,1,2,2349,0.333333333
1/23/2019,2344,2,1,3,128,0.5
1/24/2019,2366,1,1,2,5335,0.5
1/25/2019,2494,0,1,1,252,0.5
1/26/2019,3076,1,0,2,96,0.666666667
1/27/2019,3377,3,1,2,323,0.333333333
1/28/2019,2427,2,1,4,6009,0.571428571
1/29/2019,2433,3,0,1,130,0.25
1/30/2019,2377,1,1,1,273,0.333333333
1/31/2019,2462,4,1,3,104,0.375
2/1/2019,2592,0,0,1,74,1
2/2/2019,3216,2,0,2,297,0.5
2/3/2019,3384,0,4,2,163,0.333333333
2/4/2019,2617,2,1,5,195,0.625
2/5/2019,2606,1,4,1,108,0.166666667
2/6/2019,2392,1,1,3,182,0.6
2/7/2019,2293,2,1,3,519,0.5
2/8/2019,2556,0,0,1,330,1
2/9/2019,3016,0,1,6,176,0.857142857
2/10/2019,3236,1,1,1,741,0.333333333
2/11/2019,2239,1,1,1,188,0.333333333
2/12/2019,2207,0,0,3,5071,1
2/13/2019,2122,1,0,1,135,0.5
2/14/2019,1981,2,1,3,70,0.5
2/15/2019,2361,3,2,3,115,0.375
2/16/2019,2724,0,4,1,54,0.2
2/17/2019,3030,0,0,2,130,1
2/18/2019,2456,0,1,1,76,0.5
2/19/2019,2181,0,1,0,81,0
2/20/2019,2188,1,0,6,233,0.857142857
2/21/2019,2150,1,2,0,115,0
2/22/2019,2367,2,1,4,189,0.571428571
2/23/2019,2778,0,2,3,324,0.6
2/24/2019,3062,1,1,1,156,0.333333333
2/25/2019,2126,0,0,1,101,1
2/26/2019,2126,0,1,0,102,0
2/27/2019,2160,1,0,2,61,0.666666667
2/28/2019,2178,0,0,0,89,#DIV/0!
3/1/2019,2337,0,0,1,342,1
3/2/2019,2758,2,0,2,348,0.5
3/3/2019,3106,2,3,3,200,0.375
3/4/2019,2227,1,4,0,307,0
3/5/2019,2221,0,0,2,279,1
3/6/2019,2265,2,1,3,109,0.5
3/7/2019,2281,1,0,2,321,0.666666667
3/8/2019,2388,1,0,1,156,0.5
3/9/2019,2905,3,3,0,144,0
3/10/2019,3232,1,2,3,173,0.5
3/11/2019,2285,0,1,1,83,0.5
3/12/2019,2260,1,0,3,85,0.75
3/13/2019,2177,0,4,1,198,0.2
3/14/2019,2271,0,2,2,697,0.5
3/15/2019,2538,0,2,2,100,0.5
3/16/2019,2816,0,0,3,816,1
3/17/2019,2994,1,2,1,145,0.25
3/18/2019,2385,0,1,1,100,0.5
3/19/2019,2296,0,1,1,170,0.5
3/20/2019,2178,1,2,3,61,0.5
3/21/2019,2268,3,0,2,92,0.4
3/22/2019,2364,2,0,1,261,0.333333333
3/23/2019,2851,0,1,4,155,0.8
3/24/2019,3011,1,1,7,144,0.777777778
3/25/2019,2218,0,0,2,60,1
3/26/2019,2221,1,0,3,152,0.75
3/27/2019,2320,1,0,1,104,0.5
3/28/2019,2124,1,2,1,111,0.25
3/29/2019,2416,2,0,4,181,0.666666667
3/30/2019,2761,1,2,4,250,0.571428571
3/31/2019,3062,0,1,3,535,0.75
4/1/2019,2214,1,0,3,678,0.75
4/2/2019,2343,0,3,1,389,0.25
4/3/2019,2455,2,0,3,147,0.6
4/4/2019,2274,1,1,1,108,0.333333333
4/5/2019,2427,0,0,1,89,1
4/6/2019,3116,1,0,7,114,0.875
4/7/2019,3213,1,3,1,481,0.2
4/8/2019,2355,0,2,3,947,0.6
4/9/2019,2314,0,0,3,809,1
4/10/2019,2388,1,0,2,466,0.666666667
4/11/2019,2418,1,1,3,250,0.6
4/12/2019,2637,0,1,1,118,0.5
4/13/2019,3065,1,0,4,137,0.8
4/14/2019,3219,0,1,0,240,0
4/15/2019,2112,0,1,2,122,0.666666667
4/16/2019,2236,2,1,2,101,0.4
4/17/2019,2089,0,0,1,216,1
4/18/2019,2184,1,2,5,211,0.625
4/19/2019,2632,0,3,1,1936,0.25
4/20/2019,2842,1,0,3,103,0.75
4/21/2019,2901,2,2,4,124,0.5
4/22/2019,2510,2,1,4,164,0.571428571
4/23/2019,2391,0,2,5,122,0.714285714
4/24/2019,2374,0,0,3,324,1
4/25/2019,2276,1,1,2,3866,0.5
4/26/2019,2444,2,0,3,474,0.6
4/27/2019,2932,2,2,3,985,0.428571429
4/28/2019,3254,1,1,3,166,0.6
4/29/2019,2168,2,1,2,42,0.4
4/30/2019,2126,1,3,4,356,0.5
5/1/2019,2698,2,2,6,531,0.6
5/2/2019,3943,4,5,5,474,0.357142857
5/3/2019,4124,4,1,9,217,0.642857143
5/4/2019,4683,4,4,1,816,0.111111111
5/5/2019,5181,4,4,5,3802,0.384615385
5/6/2019,3652,0,2,4,326,0.666666667
5/7/2019,3551,3,0,3,201,0.5
5/8/2019,3430,2,3,4,2844,0.444444444
5/9/2019,3267,1,0,5,2791,0.833333333
5/10/2019,3733,2,1,1,487,0.25
5/11/2019,4292,3,4,4,217,0.363636364
5/12/2019,4646,0,1,7,971,0.875
5/13/2019,3423,1,2,2,444,0.4
5/14/2019,3308,2,0,5,222,0.714285714
5/15/2019,2751,2,3,9,2238,0.642857143
5/16/2019,3175,2,1,6,1644,0.666666667
5/17/2019,3568,2,1,4,2081,0.571428571
5/18/2019,4417,1,2,5,4208,0.625
5/19/2019,4977,3,5,1,172,0.111111111
5/20/2019,3786,2,2,6,171,0.6
5/21/2019,3926,0,5,3,189,0.375
5/22/2019,3779,3,4,6,488,0.461538462
5/23/2019,3795,1,4,3,4258,0.375
5/24/2019,4091,3,3,2,1693,0.25
5/25/2019,4498,3,2,6,295,0.545454545
5/26/2019,5102,0,2,6,1121,0.75
5/27/2019,4976,0,2,7,1587,0.777777778
5/28/2019,4086,3,0,5,849,0.625
5/29/2019,3972,1,2,5,2926,0.625
5/30/2019,4034,3,1,4,389,0.5
5/31/2019,3908,2,2,1,1354,0.2
6/1/2019,4372,2,3,4,213,0.444444444
6/2/2019,5287,2,1,5,32115,0.625
6/3/2019,4046,2,1,5,3799,0.625
6/4/2019,3841,2,2,6,2507,0.6
6/5/2019,3810,1,4,7,2379,0.583333333
6/6/2019,3953,3,1,10,377,0.714285714
6/7/2019,5020,5,4,6,2106,0.4
6/8/2019,5293,3,2,9,2260,0.642857143
6/9/2019,5560,2,2,9,1490,0.692307692
6/10/2019,4652,3,1,5,4750,0.555555556
6/11/2019,3996,0,1,3,372,0.75
6/12/2019,4165,4,2,2,174,0.25
6/13/2019,4137,4,3,5,2825,0.416666667
6/14/2019,4039,2,4,8,519,0.571428571
6/15/2019,4583,0,0,5,211,1
6/16/2019,4814,0,2,6,311,0.75
6/17/2019,3804,2,0,5,148,0.714285714
6/18/2019,3625,1,0,3,166,0.75
6/19/2019,3514,2,0,4,2464,0.666666667
6/20/2019,3655,1,1,3,552,0.6
6/21/2019,3305,0,2,2,323,0.5
6/22/2019,3764,0,4,2,2522,0.333333333
6/23/2019,3999,4,2,3,186,0.333333333
6/24/2019,3287,3,3,7,172,0.538461538
6/25/2019,3414,2,2,12,245,0.75
6/26/2019,4280,2,3,7,991,0.583333333
6/27/2019,4401,5,7,11,223,0.47826087
6/28/2019,4574,17,25,61,181,0.59223301
6/29/2019,5102,45,74,204,205,0.631578947
6/30/2019,5891,53,97,228,278,0.603174603
7/1/2019,4929,37,56,198,712,0.680412371
7/2/2019,4766,27,40,106,1717,0.612716763
7/3/2019,4784,22,31,78,243,0.595419847
7/4/2019,4989,8,17,91,327,0.784482759
7/5/2019,4769,16,16,58,192,0.644444444
7/6/2019,5110,13,17,64,2010,0.680851064
7/7/2019,5810,4,9,36,3056,0.734693878
7/8/2019,4782,4,6,5,642,0.333333333
7/9/2019,4789,3,5,12,382,0.6
7/10/2019,4530,4,4,4,352,0.333333333
7/11/2019,4376,1,1,6,178,0.75
7/12/2019,4548,2,1,4,1965,0.571428571
7/13/2019,4882,3,1,7,328,0.636363636
7/14/2019,5313,0,4,4,1025,0.5
7/15/2019,4373,1,1,7,278,0.777777778
7/16/2019,4259,3,4,5,713,0.416666667
7/17/2019,4958,2,3,1,199,0.166666667
7/18/2019,4606,2,7,4,886,0.307692308
7/19/2019,4663,2,0,8,509,0.8
7/20/2019,5054,1,2,4,270,0.571428571
7/21/2019,5710,4,2,1,693,0.142857143
7/22/2019,4435,7,6,4,334,0.235294118
7/23/2019,3785,3,8,10,523,0.476190476
7/24/2019,3983,3,3,5,615,0.454545455
7/25/2019,4974,15,6,14,269,0.4
7/26/2019,7958,16,17,41,1355,0.554054054
7/27/2019,10391,25,23,20,840,0.294117647
7/28/2019,10618,33,28,40,4294,0.396039604
7/29/2019,7789,9,9,8,1794,0.307692308
7/30/2019,6847,3,10,4,639,0.235294118
7/31/2019,6364,2,3,13,299,0.722222222
8/1/2019,5802,0,5,6,218,0.545454545
8/2/2019,5862,4,5,9,952,0.5
8/3/2019,6601,3,6,10,332,0.526315789
8/4/2019,7735,3,5,8,1883,0.5
8/5/2019,6601,2,7,7,1154,0.4375
8/6/2019,6346,3,3,9,484,0.6
8/7/2019,6113,3,4,11,2424,0.611111111
8/8/2019,5896,3,3,4,341,0.4
8/9/2019,6194,5,7,5,2474,0.294117647
8/10/2019,7018,3,6,7,458,0.4375
8/11/2019,7653,4,7,3,1986,0.214285714
8/12/2019,5958,1,0,12,2568,0.923076923
8/13/2019,5751,2,3,8,278,0.615384615
8/14/2019,4262,1,3,7,323,0.636363636
8/15/2019,5283,5,4,2,3292,0.181818182
8/16/2019,5451,2,1,5,1570,0.625
8/17/2019,6290,2,1,5,264,0.625
8/18/2019,6482,3,1,3,269,0.428571429
8/19/2019,5013,2,2,4,177,0.5
8/20/2019,4930,1,2,3,358,0.5
8/21/2019,4725,2,3,3,125,0.375
8/22/2019,4592,2,2,2,442,0.333333333
8/23/2019,4597,1,1,1,284,0.333333333
8/24/2019,5261,6,4,7,400,0.411764706
8/25/2019,5825,2,3,4,204,0.444444444
8/26/2019,4456,5,3,5,123,0.384615385
8/27/2019,4216,2,3,2,1606,0.285714286
8/28/2019,3959,1,2,4,132,0.571428571
8/29/2019,3820,3,5,2,134,0.2
8/30/2019,4327,1,1,5,156,0.714285714
8/31/2019,5125,3,3,5,561,0.454545455
9/1/2019,5673,2,1,4,547,0.571428571
9/2/2019,5546,3,3,8,202,0.571428571
9/3/2019,4257,1,1,3,323,0.6
9/4/2019,3951,0,1,1,224,0.5
9/5/2019,4110,1,0,9,110,0.9
9/6/2019,4187,2,2,4,261,0.5
9/7/2019,5074,4,1,2,745,0.285714286
9/8/2019,5422,0,3,3,145,0.5
9/9/2019,3996,0,2,3,627,0.6
9/10/2019,3857,3,4,5,179,0.416666667
9/11/2019,3754,1,1,3,537,0.6
9/12/2019,3895,4,2,5,185,0.454545455
9/13/2019,4177,4,2,5,88,0.454545455
9/14/2019,4728,4,2,9,158,0.6
9/15/2019,5109,3,2,8,332,0.615384615
9/16/2019,3855,4,3,4,145,0.363636364
9/17/2019,3792,1,1,3,1895,0.6
9/18/2019,3582,2,3,0,115,0
9/19/2019,3466,1,1,1,119,0.333333333
9/20/2019,3716,1,4,2,162,0.285714286
9/21/2019,4342,3,2,5,241,0.5
9/22/2019,4900,2,2,4,608,0.5
9/23/2019,3418,4,3,4,209,0.363636364
9/24/2019,3651,0,3,3,482,0.5
9/25/2019,3646,2,2,5,604,0.555555556
9/26/2019,3768,2,1,1,199,0.25
9/27/2019,4161,2,0,6,902,0.75
9/28/2019,4994,0,1,8,363,0.888888889
9/29/2019,5577,3,1,2,361,0.333333333
9/30/2019,4353,4,3,6,1000,0.461538462
10/1/2019,4037,3,3,2,392,0.25
10/2/2019,3920,0,1,5,2897,0.833333333
10/3/2019,3920,2,0,5,175,0.714285714
10/4/2019,4173,4,0,3,1029,0.428571429
10/5/2019,4719,2,2,3,262,0.428571429
10/6/2019,4852,5,3,7,425,0.466666667
10/7/2019,3782,3,2,1,182,0.166666667
10/8/2019,3833,1,1,2,325,0.5
10/9/2019,4286,1,3,9,458,0.692307692
10/10/2019,5584,0,3,5,452,0.625
10/11/2019,5830,1,3,4,1408,0.5
10/12/2019,6631,4,3,7,2065,0.5
10/13/2019,7187,1,2,5,2036,0.625
10/14/2019,5932,1,5,3,1697,0.333333333
10/15/2019,5406,1,4,9,1227,0.642857143
10/16/2019,5181,3,1,3,1186,0.428571429
10/17/2019,5272,3,3,5,1205,0.454545455
10/18/2019,5580,0,2,0,232,0
10/19/2019,6476,2,2,5,390,0.555555556
10/20/2019,6819,1,3,4,571,0.5
10/21/2019,5356,3,1,9,286,0.692307692
10/22/2019,5001,3,2,2,312,0.285714286
10/23/2019,4888,1,2,7,245,0.7
10/24/2019,4767,1,1,6,782,0.75
10/25/2019,4631,3,7,13,275,0.565217391
10/26/2019,5059,2,7,10,618,0.526315789
10/27/2019,5196,1,5,11,327,0.647058824
10/28/2019,3789,1,2,9,93,0.75
10/29/2019,3797,6,3,10,63,0.526315789
10/30/2019,3919,12,8,51,149,0.718309859
10/31/2019,3936,21,44,109,99,0.626436782
11/1/2019,4529,15,25,80,103,0.666666667
11/2/2019,5107,15,28,79,145,0.647540984
11/3/2019,5259,9,38,63,582,0.572727273
11/4/2019,3701,9,16,43,252,0.632352941
11/5/2019,3523,10,14,41,98,0.630769231
11/6/2019,3273,9,14,30,676,0.566037736
11/7/2019,3410,5,15,29,774,0.591836735
11/8/2019,3768,9,9,27,97,0.6
11/9/2019,4316,5,17,48,91,0.685714286
11/10/2019,4530,12,15,44,112,0.61971831
11/11/2019,3701,6,13,35,88,0.648148148
11/12/2019,3292,3,9,25,241,0.675675676
11/13/2019,3205,4,6,29,129,0.743589744
11/14/2019,3825,8,18,41,125,0.611940299
11/15/2019,6581,18,26,48,324,0.52173913
11/16/2019,8369,21,28,75,657,0.60483871
11/17/2019,8814,21,38,89,382,0.601351351
11/18/2019,5449,15,34,83,299,0.628787879
11/19/2019,5074,13,10,41,288,0.640625
11/20/2019,4951,14,13,32,246,0.542372881
11/21/2019,4722,11,20,42,118,0.575342466
11/22/2019,5059,9,13,42,13852,0.65625
11/23/2019,5964,14,11,38,8531,0.603174603
11/24/2019,5887,8,23,46,251,0.597402597
11/25/2019,4399,3,18,36,246,0.631578947
11/26/2019,4285,20,39,99,1145,0.626582278
11/27/2019,5139,19,41,127,11158,0.679144385
11/28/2019,4717,14,26,76,138,0.655172414
11/29/2019,5050,14,26,84,248,0.677419355
11/30/2019,5683,8,29,82,585,0.68907563
12/1/2019,5900,7,19,61,587,0.701149425
12/2/2019,4398,6,21,51,134,0.653846154
12/3/2019,4222,6,14,30,412,0.6
12/4/2019,3886,4,10,25,251,0.641025641
12/5/2019,3865,6,16,27,2132,0.551020408
12/6/2019,3947,8,15,41,160,0.640625
12/7/2019,4831,9,13,38,238,0.633333333
12/8/2019,5236,5,15,36,252,0.642857143
12/9/2019,3966,6,16,21,170,0.488372093
12/10/2019,3990,4,13,19,184,0.527777778
12/11/2019,3758,6,3,22,185,0.709677419
12/12/2019,3757,2,6,23,139,0.741935484
12/13/2019,4066,3,8,16,173,0.592592593
12/14/2019,4642,7,8,18,634,0.545454545
12/15/2019,5168,0,14,27,279,0.658536585
12/16/2019,3900,0,9,24,99,0.727272727
12/17/2019,4044,5,9,20,159,0.588235294
12/18/2019,3336,4,10,39,80,0.735849057
12/19/2019,4186,7,11,26,144,0.590909091
12/20/2019,3963,11,11,30,117,0.576923077
12/21/2019,4427,5,10,22,146,0.594594595
12/22/2019,4505,5,16,33,137,0.611111111
12/23/2019,4168,5,13,22,137,0.55
12/24/2019,3135,3,10,17,111,0.566666667
12/25/2019,3770,3,8,22,137,0.666666667
12/26/2019,4397,5,12,38,312,0.690909091
12/27/2019,4787,12,8,23,277,0.534883721
12/28/2019,5126,7,12,27,211,0.586956522
12/29/2019,5248,12,9,31,539,0.596153846
12/30/2019,4824,7,6,27,255,0.675
12/31/2019,3540,6,14,19,120,0.487179487
1/1/2020,5052,6,8,33,125,0.70212766
1/2/2020,4901,7,14,27,138,0.5625
1/3/2020,5252,6,14,25,247,0.555555556
1/4/2020,5721,7,19,36,264,0.580645161
1/5/2020,5789,6,5,26,244,0.702702703
1/6/2020,4390,3,9,26,151,0.684210526
1/7/2020,4224,0,6,16,507,0.727272727
1/8/2020,3987,3,3,22,372,0.785714286
1/9/2020,3988,6,2,12,156,0.6
1/10/2020,4452,8,8,18,152,0.529411765
1/11/2020,5373,8,9,26,232,0.604651163
1/12/2020,5505,6,7,28,321,0.682926829
1/13/2020,4078,4,12,21,100,0.567567568
1/14/2020,3932,5,9,18,384,0.5625
1/15/2020,3763,4,8,23,287,0.657142857
1/16/2020,3716,5,4,16,313,0.64
1/17/2020,4417,3,5,22,303,0.733333333
1/18/2020,5055,5,9,20,681,0.588235294
1/19/2020,5455,3,6,20,230,0.689655172
1/20/2020,4344,4,5,15,163,0.625
1/21/2020,3765,4,9,14,421,0.518518519
1/22/2020,3674,6,5,17,127,0.607142857
1/23/2020,3810,3,3,11,236,0.647058824
1/24/2020,4162,4,6,14,140,0.583333333
1/25/2020,4921,7,6,25,434,0.657894737
1/26/2020,5352,3,6,19,169,0.678571429
1/27/2020,3658,4,7,13,126,0.541666667
1/28/2020,3969,2,5,16,174,0.695652174
1/29/2020,3597,4,5,7,340,0.4375
1/30/2020,3756,1,12,17,371,0.566666667
1/31/2020,3935,1,9,18,230,0.642857143
2/1/2020,4836,0,10,25,543,0.714285714
2/2/2020,5289,5,4,21,382,0.7
2/3/2020,3733,0,6,12,109,0.666666667
2/4/2020,3693,5,5,13,116,0.565217391
2/5/2020,3570,0,4,8,113,0.666666667
2/6/2020,3722,3,7,4,270,0.285714286
2/7/2020,4155,3,12,10,293,0.4
2/8/2020,5169,4,9,19,206,0.59375
2/9/2020,5551,8,4,15,365,0.555555556
2/10/2020,4195,2,9,16,264,0.592592593
2/11/2020,3973,5,5,8,118,0.444444444
2/12/2020,3936,4,6,11,279,0.523809524
2/13/2020,3810,4,3,7,146,0.5
2/14/2020,3861,1,5,11,854,0.647058824
2/15/2020,4996,3,7,18,473,0.642857143
2/16/2020,5264,2,8,16,380,0.615384615
2/17/2020,4145,4,8,15,144,0.555555556
2/18/2020,3746,0,7,10,130,0.588235294
2/19/2020,3732,4,5,13,178,0.590909091
2/20/2020,3829,2,3,8,1226,0.615384615
2/21/2020,4119,2,6,8,180,0.5
2/22/2020,4858,5,8,12,20304,0.48
2/23/2020,5199,5,7,24,418,0.666666667
2/24/2020,3830,2,3,7,25341,0.583333333
2/25/2020,3651,3,4,6,617,0.461538462
2/26/2020,3614,2,7,9,610,0.5
2/27/2020,3649,1,4,16,292,0.761904762
2/28/2020,3986,2,8,14,368,0.583333333
2/29/2020,4933,2,6,11,953,0.578947368
3/1/2020,5089,5,6,17,3344,0.607142857
3/2/2020,3745,3,8,11,23193,0.5
3/3/2020,3588,5,6,9,1520,0.45
3/4/2020,3537,2,6,12,17942,0.6
3/5/2020,3646,2,5,4,3318,0.363636364
3/6/2020,4044,3,4,14,2863,0.666666667
3/7/2020,4800,2,6,10,1998,0.555555556
3/8/2020,5027,4,3,16,368,0.695652174
3/9/2020,3693,0,3,9,1172,0.75
3/10/2020,3602,0,2,6,7877,0.75
3/11/2020,3457,2,2,18,115,0.818181818
3/12/2020,3492,2,4,10,119,0.625
3/13/2020,4151,5,6,17,146,0.607142857
3/14/2020,4742,4,4,17,177,0.68
3/15/2020,5153,4,6,12,318,0.545454545
3/16/2020,4120,1,5,14,177,0.7
3/17/2020,4205,1,8,14,151,0.608695652
3/18/2020,4257,4,6,19,597,0.655172414
3/19/2020,4297,0,5,8,301,0.615384615
3/20/2020,4567,5,1,10,164,0.625
3/21/2020,4996,1,6,16,353,0.695652174
3/22/2020,5273,2,9,8,513,0.421052632
3/23/2020,4108,3,5,20,181,0.714285714
3/24/2020,4329,7,3,22,161,0.6875
3/25/2020,4320,2,6,14,337,0.636363636
3/26/2020,4190,2,11,15,333,0.535714286
3/27/2020,4789,5,8,13,161,0.5
3/28/2020,4879,4,10,23,194,0.621621622
3/29/2020,5207,6,9,13,303,0.464285714
3/30/2020,3906,3,6,11,179,0.55
3/31/2020,3844,0,6,15,134,0.714285714
4/1/2020,3864,3,6,12,167,0.571428571
4/2/2020,3867,3,7,11,146,0.523809524
4/3/2020,4220,3,5,18,184,0.692307692
4/4/2020,4675,1,3,12,209,0.75
4/5/2020,4709,5,6,9,402,0.45
4/6/2020,3897,5,5,10,245,0.5
4/7/2020,3942,0,2,14,295,0.875
4/8/2020,3927,3,7,15,312,0.6
4/9/2020,4330,7,11,17,331,0.485714286
4/10/2020,4513,3,5,17,256,0.68
4/11/2020,4787,4,9,21,184,0.617647059
4/12/2020,4992,7,7,21,249,0.6
4/13/2020,4381,8,7,19,309,0.558823529
4/14/2020,4358,2,8,15,270,0.6
4/15/2020,4076,5,8,17,313,0.566666667
4/16/2020,4345,1,7,17,296,0.68
4/17/2020,4613,3,13,16,415,0.5
4/18/2020,4998,0,4,14,381,0.777777778
4/19/2020,5094,3,4,20,721,0.740740741
4/20/2020,4161,4,6,12,303,0.545454545
4/21/2020,4507,3,6,12,166,0.571428571
4/22/2020,4299,2,9,12,349,0.52173913
4/23/2020,4328,3,4,16,225,0.695652174
4/24/2020,4294,5,4,12,598,0.571428571
4/25/2020,4923,4,6,17,734,0.62962963
4/26/2020,5034,6,8,15,991,0.517241379
4/27/2020,4086,5,5,15,526,0.6
4/28/2020,4163,2,4,11,215,0.647058824
4/29/2020,4348,6,6,19,209,0.612903226
4/30/2020,6656,11,23,20,278,0.37037037
5/1/2020,10298,30,33,53,823,0.456896552
5/2/2020,11290,32,35,65,2414,0.492424242
5/3/2020,9565,17,50,93,4434,0.58125
5/4/2020,7286,11,21,37,581,0.536231884
5/5/2020,6754,13,13,20,2195,0.434782609
5/6/2020,5194,14,31,52,1303,0.536082474
5/7/2020,4772,27,34,66,392,0.519685039
5/8/2020,6665,11,16,26,391,0.490566038
5/9/2020,6899,9,17,28,5392,0.518518519
5/10/2020,6768,13,16,33,2779,0.532258065
5/11/2020,5794,12,17,33,2656,0.532258065
5/12/2020,5671,9,10,23,35819,0.547619048
5/13/2020,5332,4,11,22,2203,0.594594595
5/14/2020,5647,7,9,19,7323,0.542857143
5/15/2020,5617,13,11,24,2148,0.5
5/16/2020,5778,7,9,30,3588,0.652173913
5/17/2020,6237,8,10,13,2052,0.419354839
5/18/2020,4958,9,9,19,1887,0.513513514
5/19/2020,5174,5,8,18,2098,0.580645161
5/20/2020,4970,9,9,17,1797,0.485714286
5/21/2020,4721,6,11,15,1781,0.46875
5/22/2020,5269,6,10,26,3125,0.619047619
5/23/2020,5670,8,10,15,2166,0.454545455
5/24/2020,5692,8,11,21,2409,0.525
5/25/2020,5638,4,8,27,1046,0.692307692
5/26/2020,4672,6,14,27,405,0.574468085
5/27/2020,4527,1,12,13,1137,0.5
5/28/2020,4289,7,5,8,1741,0.4
5/29/2020,4433,4,11,13,1754,0.464285714
5/30/2020,4660,0,8,18,1354,0.692307692
5/31/2020,5355,4,6,16,588,0.615384615
6/1/2020,4344,3,10,26,456,0.666666667
6/2/2020,4337,5,9,17,270,0.548387097
6/3/2020,4397,3,8,14,976,0.56
6/4/2020,4560,7,14,24,534,0.533333333
6/5/2020,4643,7,5,16,336,0.571428571
6/6/2020,5040,4,7,20,411,0.64516129
6/7/2020,5258,4,10,9,231,0.391304348
6/8/2020,4485,1,6,16,1566,0.695652174
6/9/2020,4296,1,11,20,310,0.625
6/10/2020,4349,3,7,9,212,0.473684211
6/11/2020,4458,3,10,12,3054,0.48
6/12/2020,4310,5,6,18,408,0.620689655
6/13/2020,4712,5,4,16,463,0.64
6/14/2020,5191,3,4,14,588,0.666666667
6/15/2020,4318,4,7,19,343,0.633333333
6/16/2020,4238,2,6,12,496,0.6
6/17/2020,4229,3,5,8,767,0.5
6/18/2020,4203,8,4,7,159,0.368421053
6/19/2020,4157,2,4,10,522,0.625
6/20/2020,4631,1,6,11,399,0.611111111
6/21/2020,4944,2,10,20,428,0.625
6/22/2020,4232,1,8,9,319,0.5
6/23/2020,0,2,2,12,0,0.75
6/24/2020,0,4,12,11,0,0.407407407
6/25/2020,0,2,9,15,0,0.576923077
6/26/2020,0,5,6,19,0,0.633333333
6/27/2020,0,6,10,19,0,0.542857143
6/28/2020,0,5,11,26,0,0.619047619
6/29/2020,0,7,11,45,0,0.714285714
6/30/2020,0,10,12,38,0,0.633333333
7/1/2020,0,12,12,16,0,0.4
7/2/2020,0,12,14,23,0,0.469387755
7/3/2020,0,1,12,19,0,0.59375
7/4/2020,0,5,7,15,0,0.555555556
7/5/2020,0,4,11,20,0,0.571428571
7/6/2020,0,3,6,17,0,0.653846154
7/7/2020,0,4,8,19,0,0.612903226
7/8/2020,0,6,9,26,0,0.634146341
7/9/2020,0,7,7,20,0,0.588235294
7/10/2020,0,6,10,9,0,0.36
7/11/2020,0,8,8,21,0,0.567567568
7/12/2020,0,6,4,10,0,0.5
7/13/2020,0,5,7,18,0,0.6
7/14/2020,0,4,8,19,0,0.612903226
7/15/2020,0,4,14,19,0,0.513513514
7/16/2020,0,5,7,23,0,0.657142857
7/17/2020,0,2,10,15,0,0.555555556
7/18/2020,0,2,4,15,0,0.714285714
7/19/2020,0,3,10,15,0,0.535714286
7/20/2020,0,4,8,10,0,0.454545455
7/21/2020,0,2,12,13,0,0.481481481
7/22/2020,0,1,11,13,0,0.52
7/23/2020,0,3,6,17,0,0.653846154
7/24/2020,0,4,11,19,0,0.558823529
7/25/2020,0,4,10,11,0,0.44
7/26/2020,0,6,14,23,0,0.534883721
7/27/2020,0,3,14,21,0,0.552631579
7/28/2020,0,3,3,16,0,0.727272727
7/29/2020,0,7,7,12,0,0.461538462
7/30/2020,0,5,12,17,0,0.5
7/31/2020,0,10,9,27,0,0.586956522
8/1/2020,0,1,6,11,0,0.611111111
8/2/2020,0,1,6,17,0,0.708333333
8/3/2020,0,4,5,17,0,0.653846154
8/4/2020,0,4,6,14,0,0.583333333
8/5/2020,0,4,12,32,0,0.666666667
8/6/2020,0,3,13,27,0,0.627906977
8/7/2020,0,4,12,12,0,0.428571429
8/8/2020,0,7,7,19,0,0.575757576
8/9/2020,0,4,10,18,0,0.5625
8/10/2020,0,7,12,16,0,0.457142857
8/11/2020,0,6,4,21,0,0.677419355
8/12/2020,0,3,5,18,0,0.692307692
8/13/2020,0,5,7,23,0,0.657142857
8/14/2020,0,3,7,23,0,0.696969697
8/15/2020,0,6,10,16,0,0.5
8/16/2020,0,6,19,10,0,0.285714286
8/17/2020,0,7,7,19,0,0.575757576
8/18/2020,0,4,6,10,0,0.5
8/19/2020,0,9,14,36,0,0.610169492
8/20/2020,0,8,10,24,0,0.571428571
8/21/2020,0,4,9,19,0,0.59375
8/22/2020,0,4,9,12,0,0.48
8/23/2020,0,9,8,18,0,0.514285714
8/24/2020,0,5,6,12,0,0.52173913
8/25/2020,0,2,10,22,0,0.647058824
8/26/2020,0,1,11,12,0,0.5
8/27/2020,0,1,10,9,0,0.45
8/28/2020,0,7,7,18,0,0.5625
8/29/2020,0,3,15,17,0,0.485714286
8/30/2020,0,6,4,20,0,0.666666667
8/31/2020,0,2,5,18,0,0.72
9/1/2020,0,4,11,19,0,0.558823529
9/2/2020,0,3,6,17,0,0.653846154
9/3/2020,0,5,12,18,0,0.514285714
9/4/2020,0,0,8,21,0,0.724137931
9/5/2020,0,6,15,20,0,0.487804878
9/6/2020,0,5,5,17,0,0.62962963
9/7/2020,0,5,14,18,0,0.486486486
9/8/2020,0,6,10,14,0,0.466666667
9/9/2020,0,5,4,10,0,0.526315789
9/10/2020,0,3,7,17,0,0.62962963
9/11/2020,0,3,10,14,0,0.518518519
9/12/2020,0,4,7,14,0,0.56
9/13/2020,0,8,7,14,0,0.482758621
9/14/2020,0,5,6,13,0,0.541666667
9/15/2020,0,3,9,18,0,0.6
9/16/2020,0,8,4,16,0,0.571428571
9/17/2020,0,1,8,12,0,0.571428571
9/18/2020,0,2,7,18,0,0.666666667
9/19/2020,0,1,12,21,0,0.617647059
9/20/2020,0,4,5,20,0,0.689655172
9/21/2020,0,2,9,24,0,0.685714286
9/22/2020,0,9,7,27,0,0.627906977
9/23/2020,0,64,86,244,0,0.61928934
9/24/2020,0,65,80,168,0,0.536741214
9/25/2020,0,34,50,98,0,0.538461538
9/26/2020,0,29,43,78,0,0.52
9/27/2020,0,31,56,124,0,0.587677725
9/28/2020,0,33,35,95,0,0.582822086
9/29/2020,0,29,36,70,0,0.518518519
9/30/2020,0,26,25,52,0,0.504854369
10/1/2020,0,12,34,89,0,0.659259259
10/2/2020,0,27,31,100,0,0.632911392
10/3/2020,0,27,32,72,0,0.549618321
10/4/2020,0,20,34,73,0,0.57480315
10/5/2020,0,23,19,60,0,0.588235294
10/6/2020,0,17,23,59,0,0.595959596
10/7/2020,0,12,22,43,0,0.558441558
10/8/2020,0,15,16,42,0,0.575342466
10/9/2020,0,18,17,50,0,0.588235294
10/10/2020,0,22,27,65,0,0.570175439
10/11/2020,0,18,30,61,0,0.559633028
10/12/2020,0,15,23,45,0,0.542168675
10/13/2020,0,12,21,45,0,0.576923077
10/14/2020,0,10,23,52,0,0.611764706
10/15/2020,0,11,12,38,0,0.62295082
10/16/2020,0,12,29,44,0,0.517647059
10/17/2020,0,11,25,50,0,0.581395349
10/18/2020,0,11,20,44,0,0.586666667
10/19/2020,0,8,18,34,0,0.566666667
10/20/2020,0,6,19,46,0,0.647887324
10/21/2020,0,8,14,38,0,0.633333333
10/22/2020,0,8,11,37,0,0.660714286
10/23/2020,0,4,18,38,0,0.633333333
10/24/2020,0,14,15,46,0,0.613333333
10/25/2020,0,9,18,36,0,0.571428571
10/26/2020,0,10,18,30,0,0.517241379
10/27/2020,0,13,22,38,0,0.520547945
10/28/2020,0,10,9,37,0,0.660714286
10/29/2020,0,9,15,28,0,0.538461538
10/30/2020,0,9,16,40,0,0.615384615
10/31/2020,0,9,12,28,0,0.571428571
11/1/2020,0,9,11,30,0,0.6
11/2/2020,0,19,10,33,0,0.532258065
11/3/2020,0,6,13,29,0,0.604166667
11/4/2020,0,10,15,19,0,0.431818182
11/5/2020,0,7,11,22,0,0.55
11/6/2020,0,7,16,20,0,0.465116279
11/7/2020,0,6,14,35,0,0.636363636
11/8/2020,0,9,17,38,0,0.59375
11/9/2020,0,7,14,27,0,0.5625
11/10/2020,0,4,12,29,0,0.644444444
11/11/2020,0,11,11,22,0,0.5
11/12/2020,0,3,16,12,0,0.387096774
11/13/2020,0,6,17,21,0,0.477272727
11/14/2020,0,6,9,15,0,0.5
11/15/2020,0,6,8,20,0,0.588235294
11/16/2020,0,7,13,19,0,0.487179487
11/17/2020,0,10,8,11,0,0.379310345
11/18/2020,0,11,4,24,0,0.615384615
11/19/2020,0,2,7,22,0,0.709677419
11/20/2020,0,7,15,23,0,0.511111111
11/21/2020,0,10,15,25,0,0.5
11/22/2020,0,6,12,21,0,0.538461538
11/23/2020,0,6,8,23,0,0.621621622
11/24/2020,0,4,10,22,0,0.611111111
11/25/2020,0,100,164,534,0,0.669172932
11/26/2020,0,99,209,510,0,0.623471883
11/27/2020,0,60,112,325,0,0.653923541
11/28/2020,0,35,99,230,0,0.631868132
11/29/2020,0,35,77,225,0,0.667655786
11/30/2020,0,38,68,196,0,0.649006623
12/1/2020,0,28,33,86,0,0.585034014
12/2/2020,0,6,26,44,0,0.578947368
12/3/2020,0,5,16,37,0,0.637931034
12/4/2020,0,12,15,35,0,0.564516129
12/5/2020,0,11,27,32,0,0.457142857
12/6/2020,0,13,13,38,0,0.59375
12/7/2020,0,9,17,37,0,0.587301587
12/8/2020,0,14,17,30,0,0.491803279
12/9/2020,0,14,24,50,0,0.568181818
12/10/2020,0,19,21,46,0,0.534883721
12/11/2020,0,29,44,80,0,0.522875817
12/12/2020,0,45,46,93,0,0.505434783
12/13/2020,0,53,61,112,0,0.495575221
12/14/2020,0,41,54,172,0,0.644194757
12/15/2020,0,10,32,46,0,0.522727273
12/16/2020,0,12,19,45,0,0.592105263
12/17/2020,0,13,11,36,0,0.6
12/18/2020,0,15,12,31,0,0.534482759
12/19/2020,0,5,22,30,0,0.526315789
12/20/2020,0,12,10,38,0,0.633333333
12/21/2020,0,12,15,30,0,0.526315789
12/22/2020,0,13,19,47,0,0.594936709
12/23/2020,0,14,18,33,0,0.507692308
12/24/2020,0,13,16,33,0,0.532258065
12/25/2020,0,11,20,40,0,0.563380282
12/26/2020,0,16,31,41,0,0.465909091
12/27/2020,0,13,14,48,0,0.64
12/28/2020,0,19,21,40,0,0.5
12/29/2020,0,13,19,40,0,0.555555556
12/30/2020,0,16,18,46,0,0.575
12/31/2020,0,12,18,42,0,0.583333333
1/1/2021,0,15,19,44,0,0.564102564
1/2/2021,0,12,20,62,0,0.659574468
1/3/2021,0,4,16,46,0,0.696969697
1/4/2021,0,11,27,38,0,0.5
1/5/2021,0,8,17,36,0,0.590163934
1/6/2021,0,12,22,38,0,0.527777778
1/7/2021,0,5,17,31,0,0.58490566
1/8/2021,0,9,13,41,0,0.650793651
1/9/2021,0,10,21,29,0,0.483333333
1/10/2021,0,11,21,26,0,0.448275862
1/11/2021,0,8,21,25,0,0.462962963
1/12/2021,0,10,17,38,0,0.584615385
1/13/2021,0,5,9,28,0,0.666666667
1/14/2021,0,8,11,31,0,0.62
1/15/2021,0,5,7,21,0,0.636363636
1/16/2021,0,12,11,25,0,0.520833333
1/17/2021,0,6,22,31,0,0.525423729
1/18/2021,0,5,9,17,0,0.548387097
1/19/2021,0,9,16,20,0,0.444444444
1/20/2021,0,5,8,26,0,0.666666667
1/21/2021,0,5,9,23,0,0.621621622
1/22/2021,0,14,9,34,0,0.596491228
1/23/2021,0,10,12,27,0,0.551020408
1/24/2021,0,10,17,24,0,0.470588235
1/25/2021,0,7,12,26,0,0.577777778
1/26/2021,0,10,12,17,0,0.435897436
1/27/2021,0,6,14,26,0,0.565217391
1/28/2021,0,6,9,18,0,0.545454545
1/29/2021,0,7,13,18,0,0.473684211
1/30/2021,0,3,11,22,0,0.611111111
1/31/2021,0,6,14,31,0,0.607843137
2/1/2021,0,10,15,24,0,0.489795918
2/2/2021,0,7,11,29,0,0.617021277
2/3/2021,0,9,14,23,0,0.5
2/4/2021,0,8,11,16,0,0.457142857
2/5/2021,0,7,17,26,0,0.52
2/6/2021,0,7,13,26,0,0.565217391
2/7/2021,0,4,11,20,0,0.571428571
2/8/2021,0,11,11,26,0,0.541666667
2/9/2021,0,2,12,18,0,0.5625
2/10/2021,0,3,9,19,0,0.612903226
2/11/2021,0,9,15,17,0,0.414634146
2/12/2021,0,18,13,28,0,0.474576271
2/13/2021,0,7,16,36,0,0.610169492
2/14/2021,0,12,16,33,0,0.540983607
2/15/2021,0,15,13,33,0,0.540983607
2/16/2021,0,12,12,22,0,0.47826087
2/17/2021,0,10,14,35,0,0.593220339
2/18/2021,0,11,15,31,0,0.543859649
2/19/2021,0,7,12,30,0,0.612244898
2/20/2021,0,9,16,28,0,0.528301887
2/21/2021,0,10,13,35,0,0.603448276
2/22/2021,0,16,19,16,0,0.31372549
2/23/2021,0,7,14,24,0,0.533333333
2/24/2021,0,17,30,67,0,0.587719298
2/25/2021,0,18,31,53,0,0.519607843
2/26/2021,0,19,28,47,0,0.5
2/27/2021,0,14,27,68,0,0.623853211
2/28/2021,0,16,20,40,0,0.526315789
3/1/2021,0,12,24,36,0,0.5
3/2/2021,0,5,20,28,0,0.528301887
3/3/2021,0,14,13,27,0,0.5
3/4/2021,0,15,22,40,0,0.519480519
3/5/2021,0,9,26,51,0,0.593023256
3/6/2021,0,11,22,33,0,0.5
3/7/2021,0,10,12,35,0,0.614035088
3/8/2021,0,8,17,20,0,0.444444444
3/9/2021,0,15,16,31,0,0.5
3/10/2021,0,9,18,27,0,0.5
3/11/2021,0,7,8,24,0,0.615384615
3/12/2021,0,15,17,13,0,0.288888889
3/13/2021,0,5,15,25,0,0.555555556
3/14/2021,0,12,10,35,0,0.614035088
3/15/2021,0,10,17,18,0,0.4
3/16/2021,0,9,11,21,0,0.512195122
3/17/2021,0,8,18,21,0,0.446808511
3/18/2021,0,2,9,18,0,0.620689655
3/19/2021,0,8,16,22,0,0.47826087
3/20/2021,0,14,10,30,0,0.555555556
3/21/2021,0,9,12,23,0,0.522727273
3/22/2021,0,9,14,23,0,0.5
3/23/2021,0,9,11,29,0,0.591836735
3/24/2021,0,6,12,21,0,0.538461538
3/25/2021,0,11,22,57,0,0.633333333
3/26/2021,0,10,16,35,0,0.573770492
3/27/2021,0,13,23,40,0,0.526315789
3/28/2021,0,6,12,35,0,0.660377358
3/29/2021,0,8,9,24,0,0.585365854
3/30/2021,0,6,14,18,0,0.473684211
3/31/2021,0,12,29,45,0,0.523255814
4/1/2021,0,10,15,27,0,0.519230769
4/2/2021,0,8,13,31,0,0.596153846
4/3/2021,0,12,14,22,0,0.458333333
4/4/2021,0,11,20,45,0,0.592105263
4/5/2021,0,10,14,34,0,0.586206897
4/6/2021,0,11,13,36,0,0.6
4/7/2021,0,9,11,30,0,0.6
4/8/2021,0,11,9,19,0,0.487179487
4/9/2021,0,13,16,19,0,0.395833333
4/10/2021,0,13,14,40,0,0.597014925
4/11/2021,0,11,15,20,0,0.434782609
4/12/2021,0,9,15,27,0,0.529411765
4/13/2021,0,6,16,26,0,0.541666667
4/14/2021,0,9,28,57,0,0.606382979
4/15/2021,0,8,18,33,0,0.559322034
4/16/2021,0,9,15,24,0,0.5
4/17/2021,0,17,29,31,0,0.402597403
4/18/2021,0,7,10,32,0,0.653061224
4/19/2021,0,6,16,30,0,0.576923077
4/20/2021,0,11,13,20,0,0.454545455
4/21/2021,0,8,10,18,0,0.5
4/22/2021,0,5,13,18,0,0.5
4/23/2021,0,4,8,23,0,0.657142857
4/24/2021,0,5,7,24,0,0.666666667
4/25/2021,0,4,16,28,0,0.583333333
4/26/2021,0,7,16,16,0,0.41025641
4/27/2021,0,8,14,24,0,0.52173913
4/28/2021,0,5,14,28,0,0.595744681
4/29/2021,0,6,11,13,0,0.433333333
4/30/2021,0,7,14,16,0,0.432432432
5/1/2021,0,7,13,21,0,0.512195122
5/2/2021,0,8,12,28,0,0.583333333
5/3/2021,0,8,10,19,0,0.513513514
5/4/2021,0,7,11,18,0,0.5
5/5/2021,0,9,11,21,0,0.512195122
5/6/2021,0,6,11,13,0,0.433333333
5/7/2021,0,3,5,18,0,0.692307692
5/8/2021,0,11,10,14,0,0.4
5/9/2021,0,7,12,26,0,0.577777778
5/10/2021,0,7,13,19,0,0.487179487
5/11/2021,0,9,11,25,0,0.555555556
5/12/2021,0,6,9,20,0,0.571428571
5/13/2021,0,13,20,39,0,0.541666667
5/14/2021,0,7,18,18,0,0.418604651
5/15/2021,0,7,19,24,0,0.48
5/16/2021,0,13,17,19,0,0.387755102
5/17/2021,0,17,11,19,0,0.404255319
5/18/2021,0,9,9,15,0,0.454545455
5/19/2021,0,12,18,34,0,0.53125
5/20/2021,0,7,8,30,0,0.666666667
5/21/2021,0,3,12,24,0,0.615384615
5/22/2021,0,5,5,21,0,0.677419355
5/23/2021,0,8,12,23,0,0.534883721
5/24/2021,0,8,14,17,0,0.435897436
5/25/2021,0,6,13,17,0,0.472222222
5/26/2021,0,7,12,22,0,0.536585366
5/27/2021,0,10,9,18,0,0.486486486
5/28/2021,0,10,9,23,0,0.547619048
5/29/2021,0,10,17,27,0,0.5
5/30/2021,0,5,15,26,0,0.565217391
5/31/2021,0,10,15,32,0,0.561403509
6/1/2021,0,13,10,23,0,0.5
6/2/2021,0,9,9,27,0,0.6
6/3/2021,0,4,11,26,0,0.634146341
6/4/2021,0,12,14,19,0,0.422222222
6/5/2021,0,7,14,21,0,0.5
6/6/2021,0,8,14,18,0,0.45
6/7/2021,0,7,7,17,0,0.548387097
6/8/2021,0,7,14,19,0,0.475
6/9/2021,0,3,6,13,0,0.590909091
6/10/2021,0,7,11,13,0,0.419354839
6/11/2021,0,7,10,24,0,0.585365854
6/12/2021,0,13,8,15,0,0.416666667
6/13/2021,0,8,8,26,0,0.619047619
6/14/2021,0,5,15,16,0,0.444444444
6/15/2021,0,8,5,12,0,0.48
6/16/2021,0,7,11,16,0,0.470588235
6/17/2021,0,5,11,16,0,0.5
6/18/2021,0,3,14,11,0,0.392857143
6/19/2021,0,9,11,19,0,0.487179487
6/20/2021,0,5,13,21,0,0.538461538
6/21/2021,0,5,15,19,0,0.487179487
6/22/2021,0,5,10,15,0,0.5
6/23/2021,0,9,6,14,0,0.482758621
6/24/2021,0,8,5,14,0,0.518518519
6/25/2021,0,8,18,28,0,0.518518519
6/26/2021,0,18,18,22,0,0.379310345
6/27/2021,0,9,18,36,0,0.571428571
6/28/2021,0,14,31,47,0,0.510869565
6/29/2021,0,13,18,30,0,0.491803279
6/30/2021,0,6,18,26,0,0.52
7/1/2021,0,6,16,22,0,0.5
7/2/2021,0,8,13,27,0,0.5625
7/3/2021,0,19,10,22,0,0.431372549
7/4/2021,0,8,15,22,0,0.488888889
7/5/2021,0,8,19,20,0,0.425531915
7/6/2021,0,13,23,22,0,0.379310345
7/7/2021,0,14,20,35,0,0.507246377
7/8/2021,0,10,12,40,0,0.64516129
7/9/2021,0,6,16,26,0,0.541666667
7/10/2021,0,6,15,20,0,0.487804878
7/11/2021,0,10,13,19,0,0.452380952
7/12/2021,0,7,14,15,0,0.416666667
7/13/2021,0,9,19,11,0,0.282051282
7/14/2021,0,10,9,16,0,0.457142857
7/15/2021,0,14,12,11,0,0.297297297
7/16/2021,0,6,7,21,0,0.617647059
7/17/2021,0,4,10,27,0,0.658536585
7/18/2021,0,11,7,22,0,0.55
7/19/2021,0,6,14,17,0,0.459459459
7/20/2021,0,10,6,19,0,0.542857143
7/21/2021,0,8,8,13,0,0.448275862
7/22/2021,0,7,9,20,0,0.555555556
7/23/2021,0,6,11,15,0,0.46875
7/24/2021,0,8,6,17,0,0.548387097
7/25/2021,0,11,15,21,0,0.446808511
7/26/2021,0,5,4,24,0,0.727272727
7/27/2021,0,10,11,19,0,0.475
7/28/2021,0,12,8,20,0,0.5
7/29/2021,0,8,7,13,0,0.464285714
7/30/2021,0,12,7,13,0,0.40625
7/31/2021,0,5,11,14,0,0.466666667
8/1/2021,0,5,11,22,0,0.578947368
8/2/2021,0,6,12,18,0,0.5
8/3/2021,0,9,6,9,0,0.375
8/4/2021,0,4,9,12,0,0.48
8/5/2021,0,11,7,20,0,0.526315789
8/6/2021,0,5,8,17,0,0.566666667
8/7/2021,0,8,12,11,0,0.35483871
8/8/2021,0,9,6,19,0,0.558823529
8/9/2021,0,17,15,14,0,0.304347826
8/10/2021,0,5,10,12,0,0.444444444
8/11/2021,0,7,14,8,0,0.275862069
8/12/2021,0,2,10,15,0,0.555555556
8/13/2021,0,6,14,11,0,0.35483871
8/14/2021,0,8,11,18,0,0.486486486
8/15/2021,0,9,11,26,0,0.565217391
8/16/2021,0,2,13,20,0,0.571428571
8/17/2021,0,9,11,21,0,0.512195122
8/18/2021,0,22,30,54,0,0.509433962
8/19/2021,0,9,13,35,0,0.614035088
8/20/2021,0,12,16,28,0,0.5
8/21/2021,0,7,17,22,0,0.47826087
8/22/2021,0,7,12,15,0,0.441176471
8/23/2021,0,8,14,16,0,0.421052632
8/24/2021,0,10,8,22,0,0.55
8/25/2021,0,8,7,16,0,0.516129032
8/26/2021,0,9,15,23,0,0.489361702
8/27/2021,0,6,12,21,0,0.538461538
8/28/2021,0,19,14,25,0,0.431034483
8/29/2021,0,4,10,24,0,0.631578947
8/30/2021,0,14,20,16,0,0.32
8/31/2021,0,5,16,23,0,0.522727273
9/1/2021,0,6,13,17,0,0.472222222
9/2/2021,0,10,5,21,0,0.583333333
9/3/2021,0,7,11,16,0,0.470588235
9/4/2021,0,8,9,23,0,0.575
9/5/2021,0,6,8,16,0,0.533333333
9/6/2021,0,10,10,18,0,0.473684211
9/7/2021,0,8,13,14,0,0.4
9/8/2021,0,4,9,16,0,0.551724138
9/9/2021,0,10,9,17,0,0.472222222
9/10/2021,0,9,13,17,0,0.435897436
9/11/2021,0,6,16,27,0,0.551020408
9/12/2021,0,4,12,29,0,0.644444444
9/13/2021,0,6,10,14,0,0.466666667
9/14/2021,0,8,12,14,0,0.411764706
9/15/2021,0,5,9,17,0,0.548387097
9/16/2021,0,7,8,28,0,0.651162791
9/17/2021,0,8,20,20,0,0.416666667
9/18/2021,0,9,15,15,0,0.384615385
9/19/2021,0,7,8,17,0,0.53125
9/20/2021,0,3,8,19,0,0.633333333
9/21/2021,0,6,13,19,0,0.5
9/22/2021,0,15,9,19,0,0.441860465
9/23/2021,0,6,14,18,0,0.473684211
9/24/2021,0,6,13,20,0,0.512820513
9/25/2021,0,6,11,21,0,0.552631579
9/26/2021,0,9,19,24,0,0.461538462
9/27/2021,0,10,14,11,0,0.314285714
9/28/2021,0,5,9,22,0,0.611111111
9/29/2021,0,11,7,16,0,0.470588235
9/30/2021,0,10,5,19,0,0.558823529
10/1/2021,0,5,9,12,0,0.461538462
10/2/2021,0,4,17,16,0,0.432432432
10/3/2021,0,11,8,16,0,0.457142857
10/4/2021,0,8,14,12,0,0.352941176
10/5/2021,0,7,16,21,0,0.477272727
10/6/2021,0,8,5,7,0,0.35
10/7/2021,0,5,6,23,0,0.676470588
10/8/2021,0,5,9,17,0,0.548387097
10/9/2021,0,6,15,13,0,0.382352941
10/10/2021,0,3,12,16,0,0.516129032
10/11/2021,0,2,8,14,0,0.583333333
10/12/2021,0,6,12,13,0,0.419354839
10/13/2021,0,9,6,9,0,0.375
10/14/2021,0,6,9,13,0,0.464285714
10/15/2021,0,4,6,12,0,0.545454545
10/16/2021,0,7,6,12,0,0.48
10/17/2021,0,6,12,17,0,0.485714286
10/18/2021,0,6,5,10,0,0.476190476
10/19/2021,0,7,4,21,0,0.65625
10/20/2021,0,4,8,10,0,0.454545455
10/21/2021,0,4,11,14,0,0.482758621
10/22/2021,0,6,9,17,0,0.53125
10/23/2021,0,4,11,19,0,0.558823529
10/24/2021,0,7,9,16,0,0.5
10/25/2021,0,2,5,13,0,0.65
10/26/2021,0,7,10,20,0,0.540540541
10/27/2021,0,8,11,17,0,0.472222222
10/28/2021,0,2,13,17,0,0.53125
10/29/2021,0,5,7,14,0,0.538461538
10/30/2021,0,3,11,20,0,0.588235294
10/31/2021,0,11,11,22,0,0.5
11/1/2021,0,6,13,25,0,0.568181818
11/2/2021,0,8,5,21,0,0.617647059
11/3/2021,0,3,10,17,0,0.566666667
11/4/2021,0,7,7,16,0,0.533333333
11/5/2021,0,6,12,12,0,0.4
11/6/2021,0,7,14,19,0,0.475
11/7/2021,0,6,8,19,0,0.575757576
11/8/2021,0,4,6,8,0,0.444444444
