DateTime,Players,Flags,Twitch Viewers,pos_sent_count,neg_sent_count,neu_sent_count
2015-11-01,5.0,,,,,
2015-11-02,,,,,,
2015-11-03,,,,,,
2015-11-04,,,,,,
2015-11-05,,,,,,
2015-11-06,,,,,,
2015-11-07,,,,,,
2015-11-08,,,,,,
2015-11-09,,,,,,
2015-11-10,,,,,,
2015-11-11,,,,,,
2015-11-12,,,,,,
2015-11-13,,,,,,
2015-11-14,,,,,,
2015-11-15,,,,,,
2015-11-16,,,,,,
2015-11-17,,,,,,
2015-11-18,,,,,,
2015-11-19,3.0,,,,,
2015-11-20,3.0,,,,,
2015-11-21,4.0,,,,,
2015-11-22,1.0,,,,,
2015-11-23,1.0,,,,,
2015-11-24,2.0,,,,,
2015-11-25,4.0,,,,,
2015-11-26,5.0,,,,,
2015-11-27,6.0,,,,,
2015-11-28,2.0,,,,,
2015-11-29,2.0,,,,,
2015-11-30,4.0,,,,,
2015-12-01,2.0,,,,,
2015-12-02,10.0,,,,,
2015-12-03,7.0,,,,,
2015-12-04,5.0,,,,,
2015-12-05,315.0,,,,,
2015-12-06,332.0,,,,,
2015-12-07,249.0,,,,,
2015-12-08,195.0,,,,,
2015-12-09,183.0,,,,,
2015-12-10,165.0,,,,,
2015-12-11,179.0,,,,,
2015-12-12,212.0,,,,,
2015-12-13,221.0,,,,,
2015-12-14,212.0,,,,,
2015-12-15,3543.0,,,,,
2015-12-16,2753.0,,,,,
2015-12-17,2971.0,,,,,
2015-12-18,2401.0,,,,,
2015-12-19,3184.0,,,,,
2015-12-20,3231.0,,,,,
2015-12-21,2927.0,,,,,
2015-12-22,2694.0,,,,,
2015-12-23,2692.0,,,,,
2015-12-24,2563.0,,,,,
2015-12-25,2149.0,,,,,
2015-12-26,3305.0,,,,,
2015-12-27,3460.0,,,,,
2015-12-28,3431.0,,,,,
2015-12-29,3066.0,,,,,
2015-12-30,3018.0,,,,,
2015-12-31,3044.0,,,,,
2016-01-01,2957.0,,,,,
2016-01-02,2951.0,,,,,
2016-01-03,2853.0,,,,,
2016-01-04,2343.0,,,,,
2016-01-05,1996.0,,,,,
2016-01-06,1875.0,,,,,
2016-01-07,2008.0,,,,,
2016-01-08,2049.0,,,,,
2016-01-09,2433.0,,,,,
2016-01-10,2584.0,,,,,
2016-01-11,2159.0,,,,,
2016-01-12,2382.0,,,,,
2016-01-13,2188.0,,,,,
2016-01-14,2281.0,,,,,
2016-01-15,2655.0,,,,,
2016-01-16,2763.0,,,,,
2016-01-17,2729.0,,,,,
2016-01-18,2442.0,,,,,
2016-01-19,1992.0,,,,,
2016-01-20,1867.0,,,,,
2016-01-21,1486.0,,,,,
2016-01-22,2075.0,,,,,
2016-01-23,2171.0,,,,,
2016-01-24,2169.0,,,,,
2016-01-25,1800.0,,,,,
2016-01-26,1630.0,,,,,
2016-01-27,1304.0,,,,,
2016-01-28,1340.0,,,,,
2016-01-29,1367.0,,,,,
2016-01-30,1632.0,,,,,
2016-01-31,1630.0,,,,,
2016-02-01,1307.0,,,,,
2016-02-02,1237.0,,,,,
2016-02-03,1266.0,,,,,
2016-02-04,1776.0,,,,,
2016-02-05,1925.0,,,,,
2016-02-06,1999.0,,,,,
2016-02-07,1980.0,,,,,
2016-02-08,1784.0,,,,,
2016-02-09,1600.0,,,,,
2016-02-10,1472.0,,,,,
2016-02-11,1490.0,,,,,
2016-02-12,1571.0,,,,,
2016-02-13,1836.0,,,,,
2016-02-14,1790.0,,,,,
2016-02-15,1698.0,,,,,
2016-02-16,1348.0,,,,,
2016-02-17,1390.0,,,,,
2016-02-18,1312.0,,,,,
2016-02-19,1238.0,,,,,
2016-02-20,1376.0,,,,,
2016-02-21,1545.0,,,,,
2016-02-22,1159.0,,,,,
2016-02-23,1183.0,,,,,
2016-02-24,1184.0,,,,,
2016-02-25,1091.0,,,,,
2016-02-26,1295.0,,,,,
2016-02-27,1423.0,,,,,
2016-02-28,1518.0,,,,,
2016-02-29,1191.0,,,,,
2016-03-01,1193.0,,,,,
2016-03-02,1168.0,,,,,
2016-03-03,1191.0,,,,,
2016-03-04,1258.0,,,,,
2016-03-05,1483.0,,,,,
2016-03-06,1557.0,,,,,
2016-03-07,1106.0,,,,,
2016-03-08,973.0,,,,,
2016-03-09,953.0,,,,,
2016-03-10,885.0,,,,,
2016-03-11,1123.0,,,,,
2016-03-12,1146.0,,,,,
2016-03-13,1281.0,,,,,
2016-03-14,938.0,,,,,
2016-03-15,1019.0,,,,,
2016-03-16,906.0,,,,,
2016-03-17,868.0,,,,,
2016-03-18,987.0,,,,,
2016-03-19,1128.0,,,,,
2016-03-20,1199.0,,,,,
2016-03-21,990.0,,,,,
2016-03-22,1423.0,,,,,
2016-03-23,1136.0,,,,,
2016-03-24,1164.0,,,,,
2016-03-25,1208.0,,,,,
2016-03-26,1113.0,,,,,
2016-03-27,1372.0,,,,,
2016-03-28,1267.0,,,,,
2016-03-29,1076.0,,,,,
2016-03-30,1075.0,,,,,
2016-03-31,1057.0,,,,,
2016-04-01,1111.0,,,,,
2016-04-02,1216.0,,,,,
2016-04-03,1324.0,,,,,
2016-04-04,1092.0,,,,,
2016-04-05,912.0,,,,,
2016-04-06,883.0,,,,,
2016-04-07,895.0,,,,,
2016-04-08,741.0,,,,,
2016-04-09,1230.0,,,,,
2016-04-10,1294.0,,,,,
2016-04-11,960.0,,,,,
2016-04-12,957.0,,,,,
2016-04-13,862.0,,,,,
2016-04-14,916.0,,,,,
2016-04-15,981.0,,,,,
2016-04-16,1121.0,,,,,
2016-04-17,1217.0,,,,,
2016-04-18,933.0,,,,,
2016-04-19,944.0,,,,,
2016-04-20,877.0,,,,,
2016-04-21,846.0,,,,,
2016-04-22,887.0,,,,,
2016-04-23,947.0,,,,,
2016-04-24,1151.0,,,,,
2016-04-25,879.0,,,,,
2016-04-26,888.0,,,,,
2016-04-27,917.0,,,,,
2016-04-28,890.0,,,,,
2016-04-29,912.0,,,,,
2016-04-30,1012.0,,,,,
2016-05-01,1290.0,,,,,
2016-05-02,899.0,,,,,
2016-05-03,964.0,,,,,
2016-05-04,949.0,,,,,
2016-05-05,872.0,,,,,
2016-05-06,794.0,,,,,
2016-05-07,934.0,,,,,
2016-05-08,1131.0,,,,,
2016-05-09,845.0,,,,,
2016-05-10,904.0,,,,,
2016-05-11,857.0,,,,,
2016-05-12,843.0,,,,,
2016-05-13,877.0,,,,,
2016-05-14,904.0,,,,,
2016-05-15,1176.0,,,,,
2016-05-16,868.0,,,,,
2016-05-17,804.0,,,,,
2016-05-18,764.0,,,,,
2016-05-19,846.0,,,,,
2016-05-20,835.0,,,,,
2016-05-21,865.0,,,,,
2016-05-22,1035.0,,,,,
2016-05-23,813.0,,,,,
2016-05-24,739.0,,,,,
2016-05-25,739.0,,,,,
2016-05-26,1652.0,,,,,
2016-05-27,1334.0,,,,,
2016-05-28,1221.0,,,,,
2016-05-29,1376.0,,,,,
2016-05-30,1289.0,,,,,
2016-05-31,1047.0,,,,,
2016-06-01,959.0,,,,,
2016-06-02,910.0,,,,,
2016-06-03,1060.0,,,,,
2016-06-04,1077.0,,,,,
2016-06-05,1266.0,,,,,
2016-06-06,943.0,,,,,
2016-06-07,915.0,,,,,
2016-06-08,864.0,,,,,
2016-06-09,894.0,,,,,
2016-06-10,809.0,,,,,
2016-06-11,867.0,,,,,
2016-06-12,956.0,,,,,
2016-06-13,755.0,,,,,
2016-06-14,839.0,,,,,
2016-06-15,814.0,,,,,
2016-06-16,682.0,,,,,
2016-06-17,821.0,,,,,
2016-06-18,967.0,,,,,
2016-06-19,950.0,,,,,
2016-06-20,703.0,,,,,
2016-06-21,720.0,,,,,
2016-06-22,741.0,,,,,
2016-06-23,753.0,,,,,
2016-06-24,1046.0,,,,,
2016-06-25,1158.0,,,,,
2016-06-26,1513.0,,,,,
2016-06-27,1138.0,,,,,
2016-06-28,1406.0,,,,,
2016-06-29,1319.0,,,,,
2016-06-30,1086.0,,,,,
2016-07-01,1268.0,,,,,
2016-07-02,1212.0,,,,,
2016-07-03,1537.0,,,,,
2016-07-04,1659.0,,,,,
2016-07-05,1202.0,,,,,
2016-07-06,1123.0,,,,,
2016-07-07,930.0,,,,,
2016-07-08,1091.0,,,,,
2016-07-09,1144.0,,,,,
2016-07-10,1180.0,,,,,
2016-07-11,931.0,,,,,
2016-07-12,976.0,,,,,
2016-07-13,919.0,,,,,
2016-07-14,891.0,,,,,
2016-07-15,901.0,,,,,
2016-07-16,1003.0,,,,,
2016-07-17,1132.0,,,,,
2016-07-18,878.0,,,,,
2016-07-19,871.0,,,,,
2016-07-20,773.0,,,,,
2016-07-21,889.0,,,,,
2016-07-22,947.0,,,,,
2016-07-23,940.0,,,,,
2016-07-24,1100.0,,,,,
2016-07-25,885.0,,,,,
2016-07-26,846.0,,,,,
2016-07-27,847.0,,,,,
2016-07-28,717.0,,,,,
2016-07-29,898.0,,,,,
2016-07-30,920.0,,,,,
2016-07-31,1038.0,,,,,
2016-08-01,847.0,,,,,
2016-08-02,749.0,,,,,
2016-08-03,972.0,,,,,
2016-08-04,1101.0,,,,,
2016-08-05,1273.0,,,,,
2016-08-06,1341.0,,,,,
2016-08-07,2983.0,,,,,
2016-08-08,2576.0,,,,,
2016-08-09,2170.0,,,,,
2016-08-10,1897.0,,,,,
2016-08-11,1790.0,,,,,
2016-08-12,1548.0,,,,,
2016-08-13,1629.0,,,,,
2016-08-14,1704.0,,,,,
2016-08-15,1464.0,,,,,
2016-08-16,1302.0,,,,,
2016-08-17,1156.0,,,,,
2016-08-18,1167.0,,,,,
2016-08-19,1318.0,,,,,
2016-08-20,1467.0,,,,,
2016-08-21,1540.0,,,,,
2016-08-22,1203.0,,,,,
2016-08-23,1095.0,,,,,
2016-08-24,1059.0,,,,,
2016-08-25,1064.0,,,,,
2016-08-26,858.0,,,,,
2016-08-27,1190.0,,,,,
2016-08-28,1393.0,,,,,
2016-08-29,1130.0,,,,,
2016-08-30,891.0,,,,,
2016-08-31,775.0,,,,,
2016-09-01,747.0,,,,,
2016-09-02,874.0,,,,,
2016-09-03,836.0,,,,,
2016-09-04,1081.0,,,,,
2016-09-05,639.0,,,,,
2016-09-06,814.0,,,,,
2016-09-07,712.0,,,,,
2016-09-08,753.0,,,,,
2016-09-09,912.0,,,,,
2016-09-10,943.0,,,,,
2016-09-11,1074.0,,,,,
2016-09-12,798.0,,,,,
2016-09-13,757.0,,,,,
2016-09-14,818.0,,,,,
2016-09-15,764.0,,,,,
2016-09-16,885.0,,,,,
2016-09-17,1032.0,,,,,
2016-09-18,1067.0,,,,,
2016-09-19,798.0,,,,,
2016-09-20,927.0,,,,,
2016-09-21,927.0,,,,,
2016-09-22,840.0,,,,,
2016-09-23,896.0,,,,,
2016-09-24,1109.0,,,,,
2016-09-25,1187.0,,,,,
2016-09-26,938.0,,,,,
2016-09-27,850.0,,,,,
2016-09-28,811.0,,,,,
2016-09-29,839.0,,,,,
2016-09-30,1019.0,,,,,
2016-10-01,1094.0,,,,,
2016-10-02,1255.0,,,,,
2016-10-03,961.0,,,,,
2016-10-04,936.0,,,,,
2016-10-05,927.0,,,,,
2016-10-06,961.0,,,,,
2016-10-07,1008.0,,,,,
2016-10-08,1139.0,,,,,
2016-10-09,1220.0,,,,,
2016-10-10,914.0,,,,,
2016-10-11,954.0,,,,,
2016-10-12,851.0,,,,,
2016-10-13,844.0,,,,,
2016-10-14,965.0,,,,,
2016-10-15,1037.0,,,,,
2016-10-16,1343.0,,,,,
2016-10-17,944.0,,,,,
2016-10-18,1004.0,,,,,
2016-10-19,916.0,,,,,
2016-10-20,872.0,,,,,
2016-10-21,852.0,,,,,
2016-10-22,917.0,,,,,
2016-10-23,1065.0,,,,,
2016-10-24,680.0,,,,,
2016-10-25,716.0,,,,,
2016-10-26,733.0,,,,,
2016-10-27,711.0,,,,,
2016-10-28,747.0,,,,,
2016-10-29,902.0,,,,,
2016-10-30,952.0,,,,,
2016-10-31,720.0,,,,,
2016-11-01,794.0,,,,,
2016-11-02,1716.0,,,,,
2016-11-03,1583.0,,,,,
2016-11-04,1514.0,,,,,
2016-11-05,1716.0,,,,,
2016-11-06,1950.0,,,,,
2016-11-07,1326.0,,,,,
2016-11-08,1355.0,,,,,
2016-11-09,1253.0,,,,,
2016-11-10,5833.0,,,,,
2016-11-11,10978.0,,,,,
2016-11-12,11503.0,,,,,
2016-11-13,10402.0,,,,,
2016-11-14,4924.0,,,,,
2016-11-15,4225.0,,,,,
2016-11-16,3573.0,,,,,
2016-11-17,3207.0,,,,,
2016-11-18,3239.0,,,,,
2016-11-19,3565.0,,,,,
2016-11-20,3587.0,,,,,
2016-11-21,2622.0,,,,,
2016-11-22,2009.0,,,,,
2016-11-23,2408.0,,,,,
2016-11-24,2356.0,,,,,
2016-11-25,2614.0,,,,,
2016-11-26,2913.0,,,,,
2016-11-27,3004.0,,,,,
2016-11-28,2168.0,,,,,
2016-11-29,2256.0,,,,,
2016-11-30,1990.0,,,,,
2016-12-01,1987.0,,,,,
2016-12-02,2117.0,,,,,
2016-12-03,2460.0,,,,,
2016-12-04,2835.0,,,,,
2016-12-05,1886.0,,,,,
2016-12-06,1967.0,,,,,
2016-12-07,1828.0,,,,,
2016-12-08,1813.0,,,,,
2016-12-09,2097.0,,,,,
2016-12-10,2347.0,,,,,
2016-12-11,2429.0,,,,,
2016-12-12,1791.0,,,,,
2016-12-13,2001.0,,,,,
2016-12-14,1659.0,,,,,
2016-12-15,2166.0,,,,,
2016-12-16,1965.0,,,,,
2016-12-17,2317.0,,,,,
2016-12-18,2550.0,,,,,
2016-12-19,1921.0,,,,,
2016-12-20,1963.0,,,,,
2016-12-21,1928.0,,,,,
2016-12-22,1860.0,,,,,
2016-12-23,2096.0,,,,,
2016-12-24,2001.0,,,,,
2016-12-25,2237.0,,,,,
2016-12-26,2781.0,,,,,
2016-12-27,2639.0,,,,,
2016-12-28,2753.0,,,,,
2016-12-29,2573.0,,,,,
2016-12-30,2738.0,,,,,
2016-12-31,2532.0,,,,,
2017-01-01,2604.0,,,,,
2017-01-02,2899.0,,,,,
2017-01-03,2365.0,,,,,
2017-01-04,2110.0,,,,,
2017-01-05,2194.0,,,,,
2017-01-06,1621.0,,,,,
2017-01-07,2601.0,,,,,
2017-01-08,2614.0,,,,,
2017-01-09,1879.0,,,,,
2017-01-10,1826.0,,,,,
2017-01-11,1589.0,,,,,
2017-01-12,1778.0,,,,,
2017-01-13,1931.0,,,,,
2017-01-14,2190.0,,,,,
2017-01-15,2304.0,,,,,
2017-01-16,1535.0,,,,,
2017-01-17,1648.0,,,,,
2017-01-18,1625.0,,,,,
2017-01-19,1623.0,,,,,
2017-01-20,1687.0,,,,,
2017-01-21,2036.0,,,,,
2017-01-22,2248.0,,,,,
2017-01-23,1521.0,,,,,
2017-01-24,1566.0,,,,,
2017-01-25,1392.0,,,,,
2017-01-26,1351.0,,,,,
2017-01-27,1704.0,,,,,
2017-01-28,1784.0,,,,,
2017-01-29,2142.0,,,,,
2017-01-30,1531.0,,,,,
2017-01-31,1433.0,,,,,
2017-02-01,1345.0,,,,,
2017-02-02,1354.0,,,,,
2017-02-03,1603.0,,,,,
2017-02-04,1942.0,,,,,
2017-02-05,2188.0,,,,,
2017-02-06,1586.0,,,,,
2017-02-07,1543.0,,,,,
2017-02-08,1494.0,,,,,
2017-02-09,1466.0,,,,,
2017-02-10,1509.0,,,,,
2017-02-11,1822.0,,,,,
2017-02-12,1927.0,,,,,
2017-02-13,1375.0,,,,,
2017-02-14,1231.0,,,,,
2017-02-15,1323.0,,,,,
2017-02-16,1342.0,,,,,
2017-02-17,1605.0,,,,,
2017-02-18,1830.0,,,,,
2017-02-19,1991.0,,,,,
2017-02-20,1529.0,,,,,
2017-02-21,1477.0,,,,,
2017-02-22,1395.0,,,,,
2017-02-23,1354.0,,,,,
2017-02-24,1313.0,,,,,
2017-02-25,1658.0,,,,,
2017-02-26,1893.0,,,,,
2017-02-27,1240.0,,,,,
2017-02-28,1345.0,,,,,
2017-03-01,1267.0,,,,,
2017-03-02,1223.0,,,,,
2017-03-03,1343.0,,,,,
2017-03-04,1694.0,,,,,
2017-03-05,1871.0,,,,,
2017-03-06,1383.0,,,,,
2017-03-07,1439.0,,,,,
2017-03-08,1295.0,,,,,
2017-03-09,1230.0,,,,,
2017-03-10,1378.0,,,,,
2017-03-11,1650.0,,,,,
2017-03-12,1821.0,,,,,
2017-03-13,1335.0,,,,,
2017-03-14,1386.0,,,,,
2017-03-15,1256.0,,,,,
2017-03-16,1635.0,,,,,
2017-03-17,1381.0,,,,,
2017-03-18,1735.0,,,,,
2017-03-19,3394.0,,,,,
2017-03-20,2320.0,,,,,
2017-03-21,1691.0,,,,,
2017-03-22,806.0,,,,,
2017-03-23,1677.0,,,,,
2017-03-24,1890.0,,,,,
2017-03-25,2170.0,,,,,
2017-03-26,2413.0,,,,,
2017-03-27,1588.0,,,,,
2017-03-28,1623.0,,,,,
2017-03-29,1494.0,,,,,
2017-03-30,1452.0,,,,,
2017-03-31,1594.0,,,,,
2017-04-01,2029.0,,,,,
2017-04-02,2149.0,,,,,
2017-04-03,1530.0,,,,,
2017-04-04,1521.0,,,,,
2017-04-05,2151.0,,,,,
2017-04-06,4639.0,,,,,
2017-04-07,8048.0,,,,,
2017-04-08,10064.0,,,,,
2017-04-09,9353.0,,,,,
2017-04-10,7157.0,,,,,
2017-04-11,3934.0,,,,,
2017-04-12,3541.0,,,,,
2017-04-13,3561.0,,,,,
2017-04-14,3662.0,,,,,
2017-04-15,3747.0,,,,,
2017-04-16,3594.0,,,,,
2017-04-17,2969.0,,,,,
2017-04-18,2555.0,,,,,
2017-04-19,2372.0,,,,,
2017-04-20,2594.0,,,,,
2017-04-21,2728.0,,,,,
2017-04-22,2963.0,,,,,
2017-04-23,2996.0,,,,,
2017-04-24,2222.0,,,,,
2017-04-25,2365.0,,,,,
2017-04-26,1898.0,,,,,
2017-04-27,1965.0,,,,,
2017-04-28,2212.0,,,,,
2017-04-29,2422.0,,,,,
2017-04-30,2727.0,,,,,
2017-05-01,2217.0,,,,,
2017-05-02,3446.0,,,,,
2017-05-03,3060.0,,,,,
2017-05-04,3078.0,,,,,
2017-05-05,3181.0,,,,,
2017-05-06,3539.0,,,,,
2017-05-07,3703.0,,,,,
2017-05-08,2941.0,,,,,
2017-05-09,2765.0,,,,,
2017-05-10,2533.0,,,,,
2017-05-11,2240.0,,,,,
2017-05-12,2452.0,,,,,
2017-05-13,2936.0,,,,,
2017-05-14,2973.0,,,,,
2017-05-15,2288.0,,,,,
2017-05-16,2283.0,,,,,
2017-05-17,2295.0,,,,,
2017-05-18,2308.0,,,,,
2017-05-19,2172.0,,,,,
2017-05-20,2505.0,,,,,
2017-05-21,2663.0,,,,,
2017-05-22,2099.0,,,,,
2017-05-23,2237.0,,,,,
2017-05-24,2090.0,,,,,
2017-05-25,2036.0,,,,,
2017-05-26,2154.0,,,,,
2017-05-27,2252.0,,,,,
2017-05-28,2738.0,,,,,
2017-05-29,2423.0,,,,,
2017-05-30,1995.0,,,,,
2017-05-31,2036.0,,,,,
2017-06-01,1922.0,,,,,
2017-06-02,2230.0,,,,,
2017-06-03,2441.0,,,,,
2017-06-04,2903.0,,,,,
2017-06-05,2647.0,,,,,
2017-06-06,2425.0,,,,,
2017-06-07,2132.0,,,,,
2017-06-08,2146.0,,,,,
2017-06-09,2295.0,,,,,
2017-06-10,2384.0,,,,,
2017-06-11,2619.0,,,,,
2017-06-12,2046.0,,,,,
2017-06-13,2110.0,,,,,
2017-06-14,1996.0,,,,,
2017-06-15,2056.0,,,,,
2017-06-16,2098.0,,,,,
2017-06-17,2229.0,,,,,
2017-06-18,2349.0,,,,,
2017-06-19,1965.0,,,,,
2017-06-20,1953.0,,,,,
2017-06-21,1773.0,,,,,
2017-06-22,1947.0,,,,,
2017-06-23,2800.0,,,,,
2017-06-24,3239.0,,,,,
2017-06-25,3710.0,,,,,
2017-06-26,3334.0,,,,,
2017-06-27,3273.0,,,,,
2017-06-28,3096.0,,,,,
2017-06-29,2911.0,,,,,
2017-06-30,2912.0,,,,,
2017-07-01,3190.0,,,,,
2017-07-02,3650.0,,,,,
2017-07-03,3420.0,,,,,
2017-07-04,3685.0,,,,,
2017-07-05,3182.0,,,,,
2017-07-06,2827.0,,,,,
2017-07-07,2820.0,,,,,
2017-07-08,2838.0,,,,,
2017-07-09,3214.0,,,,,
2017-07-10,2839.0,,,,,
2017-07-11,2619.0,,,,,
2017-07-12,2508.0,,,,,
2017-07-13,3069.0,,,,,
2017-07-14,2817.0,,,,,
2017-07-15,3033.0,,,,,
2017-07-16,3177.0,,,,,
2017-07-17,2526.0,,,,,
2017-07-18,2383.0,,,,,
2017-07-19,2283.0,,,,,
2017-07-20,2233.0,,,,,
2017-07-21,2294.0,,,,,
2017-07-22,2545.0,,,,,
2017-07-23,2804.0,,,,,
2017-07-24,2294.0,,,,,
2017-07-25,2384.0,,,,,
2017-07-26,2234.0,,,,,
2017-07-27,2235.0,,,,,
2017-07-28,2104.0,,,,,
2017-07-29,2403.0,,,,,
2017-07-30,2701.0,,,,,
2017-07-31,2198.0,,,,,
2017-08-01,2285.0,,,,,
2017-08-02,2084.0,,,,,
2017-08-03,2056.0,,,,,
2017-08-04,2023.0,,,,,
2017-08-05,2291.0,,,,,
2017-08-06,2446.0,,,,,
2017-08-07,1916.0,,,,,
2017-08-08,1978.0,,,,,
2017-08-09,1879.0,,,,,
2017-08-10,1885.0,,,,,
2017-08-11,2007.0,,,,,
2017-08-12,2323.0,,,,,
2017-08-13,2491.0,,,,,
2017-08-14,1842.0,,,,,
2017-08-15,1879.0,,,,,
2017-08-16,1866.0,,,,,
2017-08-17,1816.0,,,,,
2017-08-18,1953.0,,,,,
2017-08-19,2220.0,,,,,
2017-08-20,2662.0,,,,,
2017-08-21,1799.0,,,,,
2017-08-22,1823.0,,60.0,,,
2017-08-23,1749.0,,69.0,,,
2017-08-24,1888.0,,90.0,,,
2017-08-25,1829.0,,300.0,,,
2017-08-26,2076.0,,292.0,,,
2017-08-27,2424.0,,221.0,,,
2017-08-28,1652.0,,108.0,,,
2017-08-29,1681.0,,66.0,,,
2017-08-30,1595.0,,79.0,,,
2017-08-31,1550.0,,29.0,,,
2017-09-01,1786.0,,102.0,,,
2017-09-02,2067.0,,63.0,,,
2017-09-03,2151.0,,78.0,,,
2017-09-04,2139.0,,895.0,,,
2017-09-05,1631.0,,792.0,,,
2017-09-06,1615.0,,67.0,,,
2017-09-07,1599.0,,195.0,,,
2017-09-08,2112.0,,209.0,,,
2017-09-09,2308.0,,266.0,,,
2017-09-10,2503.0,,33943.0,,,
2017-09-11,1859.0,,544.0,,,
2017-09-12,1802.0,,76.0,,,
2017-09-13,1707.0,,47.0,,,
2017-09-14,1707.0,,114.0,,,
2017-09-15,1782.0,,55.0,,,
2017-09-16,2248.0,,146.0,,,
2017-09-17,2449.0,,401.0,,,
2017-09-18,1779.0,,178.0,,,
2017-09-19,1707.0,,176.0,,,
2017-09-20,1675.0,,154.0,,,
2017-09-21,1731.0,,1222.0,,,
2017-09-22,1824.0,,78.0,,,
2017-09-23,2095.0,,90.0,,,
2017-09-24,2398.0,,151.0,,,
2017-09-25,1672.0,,152.0,,,
2017-09-26,1634.0,,57.0,,,
2017-09-27,1591.0,,98.0,,,
2017-09-28,1584.0,,95.0,,,
2017-09-29,1695.0,,52.0,,,
2017-09-30,1991.0,,106.0,,,
2017-10-01,2228.0,,179.0,,,
2017-10-02,1642.0,,88.0,,,
2017-10-03,1750.0,,86.0,,,
2017-10-04,1652.0,,105.0,,,
2017-10-05,1736.0,,221.0,,,
2017-10-06,1850.0,,221.0,,,
2017-10-07,2265.0,,88.0,,,
2017-10-08,2381.0,,176.0,,,
2017-10-09,1973.0,,86.0,,,
2017-10-10,1720.0,,2195.0,,,
2017-10-11,1770.0,,125.0,,,
2017-10-12,1746.0,,122.0,,,
2017-10-13,1822.0,,169.0,,,
2017-10-14,2142.0,,124.0,,,
2017-10-15,2243.0,,300.0,,,
2017-10-16,1720.0,,152.0,,,
2017-10-17,1672.0,,310.0,,,
2017-10-18,1580.0,,79.0,,,
2017-10-19,1846.0,,498.0,,,
2017-10-20,1890.0,,150.0,,,
2017-10-21,2194.0,,283.0,,,
2017-10-22,2335.0,,167.0,,,
2017-10-23,1725.0,,90.0,,,
2017-10-24,1679.0,,125.0,,,
2017-10-25,1610.0,,86.0,,,
2017-10-26,1583.0,,70.0,,,
2017-10-27,1899.0,,73.0,,,
2017-10-28,2154.0,,174.0,,,
2017-10-29,2443.0,,240.0,,,
2017-10-30,1946.0,,86.0,,,
2017-10-31,2087.0,,72.0,,,
2017-11-01,2078.0,,73.0,,,
2017-11-02,2124.0,,377.0,,,
2017-11-03,2060.0,,90.0,,,
2017-11-04,2372.0,,73.0,,,
2017-11-05,2528.0,,212.0,,,
2017-11-06,1803.0,,150.0,,,
2017-11-07,1746.0,,96.0,,,
2017-11-08,1644.0,,885.0,,,
2017-11-09,3919.0,,5945.0,,,
2017-11-10,8123.0,,1879.0,,,
2017-11-11,9403.0,,31426.0,,,
2017-11-12,8822.0,,23000.0,,,
2017-11-13,4642.0,,788.0,,,
2017-11-14,3866.0,,1650.0,,,
2017-11-15,3485.0,,2140.0,,,
2017-11-16,3264.0,,711.0,,,
2017-11-17,3263.0,,329.0,,,
2017-11-18,3562.0,,3531.0,,,
2017-11-19,3707.0,,9789.0,,,
2017-11-20,2918.0,,292.0,,,
2017-11-21,2685.0,,459.0,,,
2017-11-22,2625.0,,728.0,,,
2017-11-23,2806.0,,1016.0,,,
2017-11-24,3316.0,,654.0,,,
2017-11-25,3405.0,,608.0,,,
2017-11-26,3806.0,,554.0,,,
2017-11-27,2778.0,,118.0,,,
2017-11-28,2699.0,,33425.0,,,
2017-11-29,2442.0,,103.0,,,
2017-11-30,2496.0,,123.0,,,
2017-12-01,2571.0,,317.0,,,
2017-12-02,3201.0,,239.0,,,
2017-12-03,3089.0,,879.0,,,
2017-12-04,2358.0,,131.0,,,
2017-12-05,2230.0,,219.0,,,
2017-12-06,2186.0,,84.0,,,
2017-12-07,2308.0,,310.0,,,
2017-12-08,2363.0,,397.0,,,
2017-12-09,2849.0,,157.0,,,
2017-12-10,2735.0,,275.0,,,
2017-12-11,2113.0,,145.0,,,
2017-12-12,2043.0,,220.0,,,
2017-12-13,1963.0,,79.0,,,
2017-12-14,1995.0,,152.0,,,
2017-12-15,2057.0,,115.0,,,
2017-12-16,2510.0,,125.0,,,
2017-12-17,2585.0,,101.0,,,
2017-12-18,1899.0,,218.0,,,
2017-12-19,2171.0,,88.0,,,
2017-12-20,2012.0,,79.0,,,
2017-12-21,3246.0,,4889.0,,,
2017-12-22,3069.0,,2322.0,,,
2017-12-23,3034.0,,436.0,,,
2017-12-24,2406.0,,2604.0,,,
2017-12-25,2285.0,,76.0,,,
2017-12-26,2663.0,,83.0,,,
2017-12-27,2830.0,,115.0,,,
2017-12-28,3086.0,,157.0,,,
2017-12-29,3076.0,,219.0,,,
2017-12-30,3301.0,,1198.0,,,
2017-12-31,2583.0,,197.0,,,
2018-01-01,3305.0,,101.0,,,
2018-01-02,2992.0,,89.0,,,
2018-01-03,2895.0,,127.0,,,
2018-01-04,2951.0,,249.0,,,
2018-01-05,2876.0,,218.0,,,
2018-01-06,3193.0,,1365.0,,,
2018-01-07,3144.0,,154.0,,,
2018-01-08,2404.0,,116.0,,,
2018-01-09,2340.0,,68.0,,,
2018-01-10,2229.0,,95.0,,,
2018-01-11,2250.0,,113.0,,,
2018-01-12,2495.0,,224.0,,,
2018-01-13,2816.0,,3650.0,,,
2018-01-14,2856.0,,247.0,,,
2018-01-15,2445.0,,302.0,,,
2018-01-16,2232.0,,58.0,,,
2018-01-17,2191.0,,104.0,,,
2018-01-18,2135.0,,69.0,,,
2018-01-19,2295.0,,3587.0,,,
2018-01-20,2785.0,,103.0,,,
2018-01-21,2847.0,,174.0,,,
2018-01-22,2059.0,,111.0,,,
2018-01-23,2104.0,,127.0,,,
2018-01-24,2099.0,,82.0,,,
2018-01-25,2131.0,,156.0,,,
2018-01-26,2279.0,,99.0,,,
2018-01-27,2629.0,,135.0,,,
2018-01-28,2629.0,,258.0,,,
2018-01-29,2188.0,,96.0,,,
2018-01-30,2006.0,,98.0,,,
2018-01-31,1916.0,,54.0,,,
2018-02-01,2029.0,,94.0,,,
2018-02-02,3025.0,,156.0,,,
2018-02-03,4107.0,,1945.0,,,
2018-02-04,4402.0,,1477.0,,,
2018-02-05,7570.0,,5834.0,,,
2018-02-06,8560.0,,5834.0,,,
2018-02-07,8489.0,,3565.0,,,
2018-02-08,7192.0,,4355.0,,,
2018-02-09,7141.0,,5476.0,,,
2018-02-10,7900.0,,579.0,,,
2018-02-11,8129.0,,971.0,,,
2018-02-12,5964.0,,552.0,,,
2018-02-13,5053.0,,686.0,,,
2018-02-14,4151.0,,1041.0,,,
2018-02-15,4429.0,,1270.0,,,
2018-02-16,4933.0,,845.0,,,
2018-02-17,5475.0,,442.0,,,
2018-02-18,5742.0,,483.0,,,
2018-02-19,4743.0,,481.0,,,
2018-02-20,4123.0,,300.0,,,
2018-02-21,3980.0,,289.0,,,
2018-02-22,3815.0,,351.0,,,
2018-02-23,3987.0,,292.0,,,
2018-02-24,4659.0,,248.0,,,
2018-02-25,4911.0,,282.0,,,
2018-02-26,3504.0,,219.0,,,
2018-02-27,3507.0,,344.0,,,
2018-02-28,3374.0,,246.0,,,
2018-03-01,3352.0,,271.0,,,
2018-03-02,3585.0,,377.0,,,
2018-03-03,4162.0,,301.0,,,
2018-03-04,4330.0,,221.0,,,
2018-03-05,3017.0,,269.0,,,
2018-03-06,2920.0,,111.0,,,
2018-03-07,3025.0,,220.0,,,
2018-03-08,3023.0,,228.0,,,
2018-03-09,3089.0,,129.0,,,
2018-03-10,3589.0,,109.0,,,
2018-03-11,3903.0,,231.0,,,
2018-03-12,2960.0,,250.0,,,
2018-03-13,2982.0,,211.0,,,
2018-03-14,2772.0,,162.0,,,
2018-03-15,2828.0,,173.0,,,
2018-03-16,3054.0,,111.0,,,
2018-03-17,3544.0,,224.0,,,
2018-03-18,3766.0,,3794.0,,,
2018-03-19,2626.0,,263.0,,,
2018-03-20,2791.0,,84.0,,,
2018-03-21,2745.0,,140.0,,,
2018-03-22,2585.0,,200.0,,,
2018-03-23,2748.0,,1147.0,,,
2018-03-24,3231.0,,199.0,,,
2018-03-25,3165.0,,114.0,,,
2018-03-26,2457.0,,121.0,,,
2018-03-27,2380.0,,142.0,,,
2018-03-28,2264.0,,167.0,,,
2018-03-29,2407.0,,92.0,,,
2018-03-30,2645.0,,119.0,,,
2018-03-31,2727.0,,146.0,,,
2018-04-01,2884.0,,186.0,,,
2018-04-02,2479.0,,152.0,,,
2018-04-03,2464.0,,88.0,,,
2018-04-04,2421.0,,123.0,,,
2018-04-05,2453.0,,384.0,,,
2018-04-06,2715.0,,182.0,,,
2018-04-07,3035.0,,223.0,,,
2018-04-08,3153.0,,202.0,,,
2018-04-09,2420.0,,208.0,,,
2018-04-10,2400.0,,244.0,,,
2018-04-11,2291.0,,149.0,,,
2018-04-12,2313.0,,1055.0,,,
2018-04-13,2582.0,,315.0,,,
2018-04-14,2908.0,,234.0,,,
2018-04-15,3167.0,,203.0,,,
2018-04-16,2377.0,,202.0,,,
2018-04-17,2283.0,,74.0,,,
2018-04-18,2254.0,,115.0,,,
2018-04-19,2143.0,,206.0,,,
2018-04-20,2454.0,,69.0,,,
2018-04-21,3113.0,,115.0,,,
2018-04-22,3371.0,,129.0,,,
2018-04-23,2561.0,,1958.0,,,
2018-04-24,2355.0,,152.0,,,
2018-04-25,2481.0,,1002.0,,,
2018-04-26,2256.0,,156.0,,,
2018-04-27,2332.0,,105.0,,,
2018-04-28,2841.0,,575.0,,,
2018-04-29,2987.0,,318.0,,,
2018-04-30,2889.0,,2201.0,,,
2018-05-01,2868.0,,2715.0,,,
2018-05-02,2931.0,,4475.0,,,
2018-05-03,2696.0,,4073.0,,,
2018-05-04,4954.0,,6002.0,,,
2018-05-05,5707.0,,2641.0,,,
2018-05-06,5955.0,,2705.0,,,
2018-05-07,4483.0,,2584.0,,,
2018-05-08,4333.0,,1480.0,,,
2018-05-09,4145.0,,758.0,,,
2018-05-10,3977.0,,183.0,,,
2018-05-11,4232.0,,270.0,,,
2018-05-12,4918.0,,286.0,,,
2018-05-13,4829.0,,493.0,,,
2018-05-14,3675.0,,302.0,,,
2018-05-15,3653.0,,153.0,,,
2018-05-16,3493.0,,214.0,,,
2018-05-17,3308.0,,715.0,,,
2018-05-18,3555.0,,235.0,,,
2018-05-19,4135.0,,3114.0,,,
2018-05-20,4350.0,,717.0,,,
2018-05-21,3538.0,,162.0,,,
2018-05-22,3442.0,,132.0,,,
2018-05-23,3190.0,,122.0,,,
2018-05-24,3326.0,,121.0,,,
2018-05-25,3394.0,,166.0,,,
2018-05-26,3120.0,,970.0,,,
2018-05-27,3671.0,,213.0,,,
2018-05-28,3662.0,,110.0,,,
2018-05-29,3298.0,,124.0,,,
2018-05-30,3303.0,,3573.0,,,
2018-05-31,3381.0,,926.0,,,
2018-06-01,3193.0,,1560.0,,,
2018-06-02,3728.0,,290.0,,,
2018-06-03,3828.0,,624.0,,,
2018-06-04,3175.0,,3559.0,,,
2018-06-05,3072.0,,167.0,,,
2018-06-06,2990.0,,101.0,,,
2018-06-07,2961.0,,801.0,,,
2018-06-08,2490.0,,165.0,,,
2018-06-09,2978.0,,107.0,,,
2018-06-10,2916.0,,343.0,,,
2018-06-11,2759.0,,98.0,,,
2018-06-12,2615.0,,98.0,,,
2018-06-13,2568.0,,115.0,,,
2018-06-14,2602.0,,261.0,,,
2018-06-15,2515.0,,136.0,,,
2018-06-16,2925.0,,2997.0,,,
2018-06-17,2965.0,,125.0,,,
2018-06-18,2607.0,,109.0,,,
2018-06-19,2765.0,,163.0,,,
2018-06-20,2698.0,,137.0,,,
2018-06-21,4106.0,,225.0,,,
2018-06-22,5523.0,,609.0,,,
2018-06-23,5972.0,,930.0,,,
2018-06-24,5929.0,,1927.0,,,
2018-06-25,4221.0,,1257.0,,,
2018-06-26,4348.0,,180.0,,,
2018-06-27,4199.0,,399.0,,,
2018-06-28,4392.0,,169.0,,,
2018-06-29,4599.0,,918.0,,,
2018-06-30,4798.0,,1268.0,,,
2018-07-01,5431.0,,1795.0,,,
2018-07-02,4859.0,,1643.0,,,
2018-07-03,4691.0,,1116.0,,,
2018-07-04,5362.0,,1792.0,,,
2018-07-05,5136.0,,1302.0,,,
2018-07-06,4830.0,,2038.0,,,
2018-07-07,4432.0,,264.0,,,
2018-07-08,4811.0,,245.0,,,
2018-07-09,4716.0,,404.0,,,
2018-07-10,3990.0,,1006.0,,,
2018-07-11,3728.0,,1354.0,,,
2018-07-12,4103.0,,1564.0,,,
2018-07-13,4061.0,,2924.0,,,
2018-07-14,4430.0,,1718.0,,,
2018-07-15,4908.0,,1508.0,,,
2018-07-16,4192.0,,211.0,,,
2018-07-17,3911.0,,328.0,,,
2018-07-18,3317.0,,432.0,,,
2018-07-19,3258.0,,279.0,,,
2018-07-20,3194.0,,270.0,,,
2018-07-21,3649.0,,268.0,,,
2018-07-22,4164.0,,201.0,,,
2018-07-23,3346.0,,227.0,,,
2018-07-24,3221.0,,287.0,,,
2018-07-25,3082.0,,309.0,,,
2018-07-26,2930.0,,100.0,,,
2018-07-27,2945.0,,368.0,,,
2018-07-28,3288.0,,449.0,,,
2018-07-29,3626.0,,472.0,,,
2018-07-30,3081.0,,261.0,,,
2018-07-31,2998.0,,137.0,,,
2018-08-01,2813.0,,115.0,,,
2018-08-02,2850.0,,193.0,,,
2018-08-03,2791.0,,529.0,,,
2018-08-04,3195.0,,162.0,,,
2018-08-05,3563.0,,1171.0,,,
2018-08-06,3126.0,,97.0,,,
2018-08-07,2898.0,,617.0,,,
2018-08-08,2936.0,,637.0,,,
2018-08-09,2822.0,,247.0,,,
2018-08-10,2770.0,,86.0,,,
2018-08-11,3108.0,,331.0,,,
2018-08-12,3520.0,,361.0,,,
2018-08-13,2958.0,,1404.0,,,
2018-08-14,2861.0,,120.0,,,
2018-08-15,2776.0,,235.0,,,
2018-08-16,2719.0,,283.0,,,
2018-08-17,2782.0,,181.0,,,
2018-08-18,3251.0,,191.0,,,
2018-08-19,3461.0,,176.0,,,
2018-08-20,2723.0,,97.0,,,
2018-08-21,2666.0,,72.0,,,
2018-08-22,2690.0,,84.0,,,
2018-08-23,2636.0,,248.0,,,
2018-08-24,2822.0,,87.0,,,
2018-08-25,3046.0,,85.0,,,
2018-08-26,3435.0,,217.0,,,
2018-08-27,2628.0,,188.0,,,
2018-08-28,2583.0,,126.0,,,
2018-08-29,2400.0,,89.0,,,
2018-08-30,2387.0,,74.0,,,
2018-08-31,2395.0,,53.0,,,
2018-09-01,2748.0,,110.0,,,
2018-09-02,2974.0,,149.0,,,
2018-09-03,2868.0,,76.0,,,
2018-09-04,2159.0,,103.0,,,
2018-09-05,2072.0,,136.0,,,
2018-09-06,1897.0,,74.0,,,
2018-09-07,2154.0,,72.0,,,
2018-09-08,2581.0,,978.0,,,
2018-09-09,2785.0,,212.0,,,
2018-09-10,2105.0,,69.0,,,
2018-09-11,2081.0,,88.0,,,
2018-09-12,2111.0,,58.0,,,
2018-09-13,2020.0,,76.0,,,
2018-09-14,2262.0,,56.0,,,
2018-09-15,2580.0,,57.0,,,
2018-09-16,2720.0,,127.0,,,
2018-09-17,2131.0,,79.0,,,
2018-09-18,2119.0,,72.0,,,
2018-09-19,2059.0,,51.0,,,
2018-09-20,1977.0,,460.0,,,
2018-09-21,2214.0,,646.0,,,
2018-09-22,2614.0,,1058.0,,,
2018-09-23,2898.0,,657.0,,,
2018-09-24,2156.0,,79.0,,,
2018-09-25,2133.0,,82.0,,,
2018-09-26,2019.0,,60.0,,,
2018-09-27,2034.0,,87.0,,,
2018-09-28,2229.0,,72.0,,,
2018-09-29,2557.0,,143.0,,,
2018-09-30,3023.0,,169.0,,,
2018-10-01,2215.0,,103.0,,,
2018-10-02,2348.0,,126.0,,,
2018-10-03,2201.0,,116.0,,,
2018-10-04,2280.0,,119.0,,,
2018-10-05,2421.0,,101.0,,,
2018-10-06,3012.0,,90.0,,,
2018-10-07,2971.0,,136.0,,,
2018-10-08,2679.0,,120.0,,,
2018-10-09,2515.0,,589.0,,,
2018-10-10,2560.0,,1191.0,,,
2018-10-11,2422.0,,178.0,,,
2018-10-12,2647.0,,118.0,,,
2018-10-13,3219.0,,161.0,,,
2018-10-14,3498.0,,309.0,,,
2018-10-15,2792.0,,66.0,,,
2018-10-16,2749.0,,1332.0,,,
2018-10-17,2773.0,,105.0,,,
2018-10-18,2904.0,,115.0,,,
2018-10-19,2845.0,,75.0,,,
2018-10-20,3511.0,,183.0,,,
2018-10-21,3689.0,,211.0,,,
2018-10-22,2807.0,,77.0,,,
2018-10-23,2892.0,,239.0,,,
2018-10-24,2580.0,,80.0,,,
2018-10-25,2682.0,,468.0,,,
2018-10-26,2684.0,,85.0,,,
2018-10-27,3187.0,,132.0,,,
2018-10-28,3197.0,,152.0,,,
2018-10-29,2476.0,,427.0,,,
2018-10-30,2476.0,,112.0,,,
2018-10-31,2476.0,,67.0,,,
2018-11-01,2666.0,,133.0,,,
2018-11-02,2883.0,,100.0,,,
2018-11-03,3181.0,,122.0,,,
2018-11-04,3500.0,,218.0,,,
2018-11-05,2428.0,,81.0,,,
2018-11-06,2274.0,,1136.0,,,
2018-11-07,1940.0,,2195.0,,,
2018-11-08,1781.0,,1437.0,,,
2018-11-09,5388.0,,1085.0,,,
2018-11-10,7829.0,,1551.0,,,
2018-11-11,8496.0,,324.0,,,
2018-11-12,6233.0,,506.0,,,
2018-11-13,5317.0,,1155.0,,,
2018-11-14,4798.0,,104.0,,,
2018-11-15,4557.0,,107.0,,,
2018-11-16,4610.0,,130.0,,,
2018-11-17,5085.0,,233.0,,,
2018-11-18,4965.0,,161.0,,,
2018-11-19,3885.0,,1006.0,,,
2018-11-20,3682.0,,1462.0,,,
2018-11-21,3489.0,,362.0,,,
2018-11-22,3261.0,,3055.0,,,
2018-11-23,3839.0,,184.0,,,
2018-11-24,4088.0,,167.0,,,
2018-11-25,4129.0,,491.0,,,
2018-11-26,3026.0,,135.0,,,
2018-11-27,2920.0,,116.0,,,
2018-11-28,2678.0,,484.0,,,
2018-11-29,2785.0,,506.0,,,
2018-11-30,3041.0,,211.0,,,
2018-12-01,3525.0,,137.0,,,
2018-12-02,3856.0,,214.0,,,
2018-12-03,2646.0,,174.0,,,
2018-12-04,2798.0,,139.0,,,
2018-12-05,2622.0,,116.0,,,
2018-12-06,2640.0,,122.0,,,
2018-12-07,2610.0,,73.0,,,
2018-12-08,3141.0,,128.0,,,
2018-12-09,3409.0,,3706.0,,,
2018-12-10,2806.0,,132.0,,,
2018-12-11,2600.0,,215.0,,,
2018-12-12,2556.0,,168.0,,,
2018-12-13,2455.0,,107.0,,,
2018-12-14,2655.0,,122.0,,,
2018-12-15,3202.0,,136.0,,,
2018-12-16,3328.0,,198.0,,,
2018-12-17,2570.0,,1127.0,,,
2018-12-18,2570.0,,110.0,,,
2018-12-19,2492.0,,92.0,,,
2018-12-20,2606.0,,168.0,,,
2018-12-21,2916.0,,126.0,,,
2018-12-22,3017.0,,814.0,,,
2018-12-23,3040.0,,306.0,,,
2018-12-24,2224.0,,241.0,,,
2018-12-25,2560.0,,168.0,,,
2018-12-26,2858.0,,123.0,,,
2018-12-27,3175.0,,98.0,,,
2018-12-28,3180.0,,182.0,,,
2018-12-29,3442.0,,97.0,,,
2018-12-30,3431.0,,148.0,,,
2018-12-31,2734.0,,73.0,,,
2019-01-01,3256.0,,119.0,,,
2019-01-02,3113.0,,80.0,,,
2019-01-03,3046.0,,241.0,,,
2019-01-04,3331.0,,424.0,,,
2019-01-05,3547.0,,265.0,,,
2019-01-06,3389.0,,252.0,,,
2019-01-07,2612.0,,151.0,,,
2019-01-08,2471.0,,83.0,,,
2019-01-09,2480.0,,1203.0,,,
2019-01-10,2477.0,,121.0,,,
2019-01-11,2742.0,,182.0,,,
2019-01-12,3365.0,,115.0,,,
2019-01-13,3314.0,,307.0,,,
2019-01-14,2506.0,,391.0,,,
2019-01-15,2496.0,,3116.0,,,
2019-01-16,2387.0,,159.0,,,
2019-01-17,2467.0,,1636.0,,,
2019-01-18,2725.0,,216.0,,,
2019-01-19,3156.0,,236.0,,,
2019-01-20,3421.0,,176.0,,,
2019-01-21,2731.0,,208.0,,,
2019-01-22,2542.0,,2349.0,,,
2019-01-23,2344.0,,128.0,,,
2019-01-24,2366.0,,5335.0,,,
2019-01-25,2494.0,,252.0,,,
2019-01-26,3076.0,,96.0,,,
2019-01-27,3377.0,,323.0,,,
2019-01-28,2427.0,,6009.0,,,
2019-01-29,2433.0,,130.0,,,
2019-01-30,2377.0,,273.0,,,
2019-01-31,2462.0,,104.0,,,
2019-02-01,2592.0,,74.0,,,
2019-02-02,3216.0,,297.0,,,
2019-02-03,3384.0,,163.0,,,
2019-02-04,2617.0,,195.0,,,
2019-02-05,2606.0,,108.0,,,
2019-02-06,2392.0,,182.0,,,
2019-02-07,2293.0,,519.0,,,
2019-02-08,2556.0,,330.0,,,
2019-02-09,3016.0,,176.0,,,
2019-02-10,3236.0,,741.0,,,
2019-02-11,2239.0,,188.0,,,
2019-02-12,2207.0,,5071.0,,,
2019-02-13,2122.0,,135.0,,,
2019-02-14,1981.0,,70.0,,,
2019-02-15,2361.0,,115.0,,,
2019-02-16,2724.0,,54.0,,,
2019-02-17,3030.0,,130.0,,,
2019-02-18,2456.0,,76.0,,,
2019-02-19,2181.0,,81.0,,,
2019-02-20,2188.0,,233.0,,,
2019-02-21,2150.0,,115.0,,,
2019-02-22,2367.0,,189.0,,,
2019-02-23,2778.0,,324.0,,,
2019-02-24,3062.0,,156.0,,,
2019-02-25,2126.0,,101.0,,,
2019-02-26,2126.0,,102.0,,,
2019-02-27,2160.0,,61.0,,,
2019-02-28,2178.0,,89.0,,,
2019-03-01,2337.0,,342.0,,,
2019-03-02,2758.0,,348.0,,,
2019-03-03,3106.0,,200.0,,,
2019-03-04,2227.0,,307.0,,,
2019-03-05,2221.0,,279.0,,,
2019-03-06,2265.0,,109.0,,,
2019-03-07,2281.0,,321.0,,,
2019-03-08,2388.0,,156.0,,,
2019-03-09,2905.0,,144.0,,,
2019-03-10,3232.0,,173.0,,,
2019-03-11,2285.0,,83.0,,,
2019-03-12,2260.0,,85.0,,,
2019-03-13,2177.0,,198.0,,,
2019-03-14,2271.0,,697.0,,,
2019-03-15,2538.0,,100.0,,,
2019-03-16,2816.0,,816.0,,,
2019-03-17,2994.0,,145.0,,,
2019-03-18,2385.0,,100.0,,,
2019-03-19,2296.0,,170.0,,,
2019-03-20,2178.0,,61.0,,,
2019-03-21,2268.0,,92.0,,,
2019-03-22,2364.0,,261.0,,,
2019-03-23,2851.0,,155.0,,,
2019-03-24,3011.0,,144.0,,,
2019-03-25,2218.0,,60.0,,,
2019-03-26,2221.0,,152.0,,,
2019-03-27,2320.0,,104.0,,,
2019-03-28,2124.0,,111.0,,,
2019-03-29,2416.0,,181.0,,,
2019-03-30,2761.0,,250.0,,,
2019-03-31,3062.0,,535.0,,,
2019-04-01,2214.0,,678.0,,,
2019-04-02,2343.0,,389.0,,,
2019-04-03,2455.0,,147.0,,,
2019-04-04,2274.0,,108.0,,,
2019-04-05,2427.0,,89.0,,,
2019-04-06,3116.0,,114.0,,,
2019-04-07,3213.0,,481.0,,,
2019-04-08,2355.0,,947.0,,,
2019-04-09,2314.0,,809.0,,,
2019-04-10,2388.0,,466.0,,,
2019-04-11,2418.0,,250.0,,,
2019-04-12,2637.0,,118.0,,,
2019-04-13,3065.0,,137.0,,,
2019-04-14,3219.0,,240.0,,,
2019-04-15,2112.0,,122.0,,,
2019-04-16,2236.0,,101.0,,,
2019-04-17,2089.0,,216.0,,,
2019-04-18,2184.0,,211.0,,,
2019-04-19,2632.0,,1936.0,,,
2019-04-20,2842.0,,103.0,,,
2019-04-21,2901.0,,124.0,,,
2019-04-22,2510.0,,164.0,,,
2019-04-23,2391.0,,122.0,,,
2019-04-24,2374.0,,324.0,,,
2019-04-25,2276.0,,3866.0,,,
2019-04-26,2444.0,,474.0,,,
2019-04-27,2932.0,,985.0,,,
2019-04-28,3254.0,,166.0,,,
2019-04-29,2168.0,,42.0,,,
2019-04-30,2126.0,,356.0,,,
2019-05-01,2698.0,,531.0,,,
2019-05-02,3943.0,,474.0,,,
2019-05-03,4124.0,,217.0,,,
2019-05-04,4683.0,,816.0,,,
2019-05-05,5181.0,,3802.0,,,
2019-05-06,3652.0,,326.0,,,
2019-05-07,3551.0,,201.0,,,
2019-05-08,3430.0,,2844.0,,,
2019-05-09,3267.0,,2791.0,,,
2019-05-10,3733.0,,487.0,,,
2019-05-11,4292.0,,217.0,,,
2019-05-12,4646.0,,971.0,,,
2019-05-13,3423.0,,444.0,,,
2019-05-14,3308.0,,222.0,,,
2019-05-15,2751.0,,2238.0,,,
2019-05-16,3175.0,,1644.0,,,
2019-05-17,3568.0,,2081.0,,,
2019-05-18,4417.0,,4208.0,,,
2019-05-19,4977.0,,172.0,,,
2019-05-20,3786.0,,171.0,,,
2019-05-21,3926.0,,189.0,,,
2019-05-22,3779.0,,488.0,,,
2019-05-23,3795.0,,4258.0,,,
2019-05-24,4091.0,,1693.0,,,
2019-05-25,4498.0,,295.0,,,
2019-05-26,5102.0,,1121.0,,,
2019-05-27,4976.0,,1587.0,,,
2019-05-28,4086.0,,849.0,,,
2019-05-29,3972.0,,2926.0,,,
2019-05-30,4034.0,,389.0,,,
2019-05-31,3908.0,,1354.0,,,
2019-06-01,4372.0,,213.0,,,
2019-06-02,5287.0,,32115.0,,,
2019-06-03,4046.0,,3799.0,,,
2019-06-04,3841.0,,2507.0,,,
2019-06-05,3810.0,,2379.0,,,
2019-06-06,3953.0,,377.0,,,
2019-06-07,5020.0,,2106.0,,,
2019-06-08,5293.0,,2260.0,,,
2019-06-09,5560.0,,1490.0,,,
2019-06-10,4652.0,,4750.0,,,
2019-06-11,3996.0,,372.0,,,
2019-06-12,4165.0,,174.0,,,
2019-06-13,4137.0,,2825.0,,,
2019-06-14,4039.0,,519.0,,,
2019-06-15,4583.0,,211.0,,,
2019-06-16,4814.0,,311.0,,,
2019-06-17,3804.0,,148.0,,,
2019-06-18,3625.0,,166.0,,,
2019-06-19,3514.0,,2464.0,,,
2019-06-20,3655.0,,552.0,,,
2019-06-21,3305.0,,323.0,,,
2019-06-22,3764.0,,2522.0,,,
2019-06-23,3999.0,,186.0,,,
2019-06-24,3287.0,,172.0,,,
2019-06-25,3414.0,,245.0,,,
2019-06-26,4280.0,,991.0,,,
2019-06-27,4401.0,,223.0,,,
2019-06-28,4574.0,,181.0,,,
2019-06-29,5102.0,,205.0,,,
2019-06-30,5891.0,,278.0,,,
2019-07-01,4929.0,,712.0,,,
2019-07-02,4766.0,,1717.0,,,
2019-07-03,4784.0,,243.0,,,
2019-07-04,4989.0,,327.0,,,
2019-07-05,4769.0,,192.0,,,
2019-07-06,5110.0,,2010.0,,,
2019-07-07,5810.0,,3056.0,,,
2019-07-08,4782.0,,642.0,,,
2019-07-09,4789.0,,382.0,,,
2019-07-10,4530.0,,352.0,,,
2019-07-11,4376.0,,178.0,,,
2019-07-12,4548.0,,1965.0,,,
2019-07-13,4882.0,,328.0,,,
2019-07-14,5313.0,,1025.0,,,
2019-07-15,4373.0,,278.0,,,
2019-07-16,4259.0,,713.0,,,
2019-07-17,4958.0,,199.0,,,
2019-07-18,4606.0,,886.0,,,
2019-07-19,4663.0,,509.0,,,
2019-07-20,5054.0,,270.0,,,
2019-07-21,5710.0,,693.0,,,
2019-07-22,4435.0,,334.0,,,
2019-07-23,3785.0,,523.0,,,
2019-07-24,3983.0,,615.0,,,
2019-07-25,4974.0,,269.0,,,
2019-07-26,7958.0,,1355.0,,,
2019-07-27,10391.0,,840.0,,,
2019-07-28,10618.0,,4294.0,,,
2019-07-29,7789.0,,1794.0,,,
2019-07-30,6847.0,,639.0,,,
2019-07-31,6364.0,,299.0,,,
2019-08-01,5802.0,,218.0,,,
2019-08-02,5862.0,,952.0,,,
2019-08-03,6601.0,,332.0,,,
2019-08-04,7735.0,,1883.0,,,
2019-08-05,6601.0,,1154.0,,,
2019-08-06,6346.0,,484.0,,,
2019-08-07,6113.0,,2424.0,,,
2019-08-08,5896.0,,341.0,,,
2019-08-09,6194.0,,2474.0,,,
2019-08-10,7018.0,,458.0,,,
2019-08-11,7653.0,,1986.0,,,
2019-08-12,5958.0,,2568.0,,,
2019-08-13,5751.0,,278.0,,,
2019-08-14,4262.0,,323.0,,,
2019-08-15,5283.0,,3292.0,,,
2019-08-16,5451.0,,1570.0,,,
2019-08-17,6290.0,,264.0,,,
2019-08-18,6482.0,,269.0,,,
2019-08-19,5013.0,,177.0,,,
2019-08-20,4930.0,,358.0,,,
2019-08-21,4725.0,,125.0,,,
2019-08-22,4592.0,,442.0,,,
2019-08-23,4597.0,,284.0,,,
2019-08-24,5261.0,,400.0,,,
2019-08-25,5825.0,,204.0,,,
2019-08-26,4456.0,,123.0,,,
2019-08-27,4216.0,,1606.0,,,
2019-08-28,3959.0,,132.0,,,
2019-08-29,3820.0,,134.0,,,
2019-08-30,4327.0,,156.0,,,
2019-08-31,5125.0,,561.0,,,
2019-09-01,5673.0,,547.0,,,
2019-09-02,5546.0,,202.0,,,
2019-09-03,4257.0,,323.0,,,
2019-09-04,3951.0,,224.0,,,
2019-09-05,4110.0,,110.0,,,
2019-09-06,4187.0,,261.0,,,
2019-09-07,5074.0,,745.0,,,
2019-09-08,5422.0,,145.0,,,
2019-09-09,3996.0,,627.0,,,
2019-09-10,3857.0,,179.0,,,
2019-09-11,3754.0,,537.0,,,
2019-09-12,3895.0,,185.0,,,
2019-09-13,4177.0,,88.0,,,
2019-09-14,4728.0,,158.0,,,
2019-09-15,5109.0,,332.0,,,
2019-09-16,3855.0,,145.0,,,
2019-09-17,3792.0,,1895.0,,,
2019-09-18,3582.0,,115.0,,,
2019-09-19,3466.0,,119.0,,,
2019-09-20,3716.0,,162.0,,,
2019-09-21,4342.0,,241.0,,,
2019-09-22,4900.0,,608.0,,,
2019-09-23,3418.0,,209.0,,,
2019-09-24,3651.0,,482.0,,,
2019-09-25,3646.0,,604.0,,,
2019-09-26,3768.0,,199.0,,,
2019-09-27,4161.0,,902.0,,,
2019-09-28,4994.0,,363.0,,,
2019-09-29,5577.0,,361.0,,,
2019-09-30,4353.0,,1000.0,,,
2019-10-01,4037.0,,392.0,,,
2019-10-02,3920.0,,2897.0,,,
2019-10-03,3920.0,,175.0,,,
2019-10-04,4173.0,,1029.0,,,
2019-10-05,4719.0,,262.0,,,
2019-10-06,4852.0,,425.0,,,
2019-10-07,3782.0,,182.0,,,
2019-10-08,3833.0,,325.0,,,
2019-10-09,4286.0,,458.0,,,
2019-10-10,5584.0,,452.0,,,
2019-10-11,5830.0,,1408.0,,,
2019-10-12,6631.0,,2065.0,,,
2019-10-13,7187.0,,2036.0,,,
2019-10-14,5932.0,,1697.0,,,
2019-10-15,5406.0,,1227.0,,,
2019-10-16,5181.0,,1186.0,,,
2019-10-17,5272.0,,1205.0,,,
2019-10-18,5580.0,,232.0,,,
2019-10-19,6476.0,,390.0,,,
2019-10-20,6819.0,,571.0,,,
2019-10-21,5356.0,,286.0,,,
2019-10-22,5001.0,,312.0,,,
2019-10-23,4888.0,,245.0,,,
2019-10-24,4767.0,,782.0,,,
2019-10-25,4631.0,,275.0,,,
2019-10-26,5059.0,,618.0,,,
2019-10-27,5196.0,,327.0,,,
2019-10-28,3789.0,,93.0,,,
2019-10-29,3797.0,,63.0,,,
2019-10-30,3919.0,,149.0,,,
2019-10-31,3936.0,,99.0,,,
2019-11-01,4529.0,,103.0,,,
2019-11-02,5107.0,,145.0,,,
2019-11-03,5259.0,,582.0,,,
2019-11-04,3701.0,,252.0,,,
2019-11-05,3523.0,,98.0,,,
2019-11-06,3273.0,,676.0,,,
2019-11-07,3410.0,,774.0,,,
2019-11-08,3768.0,,97.0,,,
2019-11-09,4316.0,,91.0,,,
2019-11-10,4530.0,,112.0,,,
2019-11-11,3701.0,,88.0,,,
2019-11-12,3292.0,,241.0,,,
2019-11-13,3205.0,,129.0,,,
2019-11-14,3825.0,,125.0,,,
2019-11-15,6581.0,,324.0,,,
2019-11-16,8369.0,,657.0,,,
2019-11-17,8814.0,,382.0,,,
2019-11-18,5449.0,,299.0,,,
2019-11-19,5074.0,,288.0,,,
2019-11-20,4951.0,,246.0,,,
2019-11-21,4722.0,,118.0,,,
2019-11-22,5059.0,,13852.0,,,
2019-11-23,5964.0,,8531.0,,,
2019-11-24,5887.0,,251.0,,,
2019-11-25,4399.0,,246.0,,,
2019-11-26,4285.0,,1145.0,,,
2019-11-27,5139.0,,11158.0,,,
2019-11-28,4717.0,,138.0,,,
2019-11-29,5050.0,,248.0,,,
2019-11-30,5683.0,,585.0,,,
2019-12-01,5900.0,,587.0,,,
2019-12-02,4398.0,,134.0,,,
2019-12-03,4222.0,,412.0,,,
2019-12-04,3886.0,,251.0,,,
2019-12-05,3865.0,,2132.0,,,
2019-12-06,3947.0,,160.0,,,
2019-12-07,4831.0,,238.0,,,
2019-12-08,5236.0,,252.0,,,
2019-12-09,3966.0,,170.0,,,
2019-12-10,3990.0,,184.0,,,
2019-12-11,3758.0,,185.0,,,
2019-12-12,3757.0,,139.0,,,
2019-12-13,4066.0,,173.0,,,
2019-12-14,4642.0,,634.0,,,
2019-12-15,5168.0,,279.0,,,
2019-12-16,3900.0,,99.0,,,
2019-12-17,4044.0,,159.0,,,
2019-12-18,3336.0,,80.0,,,
2019-12-19,4186.0,,144.0,,,
2019-12-20,3963.0,,117.0,,,
2019-12-21,4427.0,,146.0,,,
2019-12-22,4505.0,,137.0,,,
2019-12-23,4168.0,,137.0,,,
2019-12-24,3135.0,,111.0,,,
2019-12-25,3770.0,,137.0,,,
2019-12-26,4397.0,,312.0,,,
2019-12-27,4787.0,,277.0,,,
2019-12-28,5126.0,,211.0,,,
2019-12-29,5248.0,,539.0,,,
2019-12-30,4824.0,,255.0,,,
2019-12-31,3540.0,,120.0,,,
2020-01-01,5052.0,,125.0,,,
2020-01-02,4901.0,,138.0,,,
2020-01-03,5252.0,,247.0,,,
2020-01-04,5721.0,,264.0,,,
2020-01-05,5789.0,,244.0,,,
2020-01-06,4390.0,,151.0,,,
2020-01-07,4224.0,,507.0,,,
2020-01-08,3987.0,,372.0,,,
2020-01-09,3988.0,,156.0,,,
2020-01-10,4452.0,,152.0,,,
2020-01-11,5373.0,,232.0,,,
2020-01-12,5505.0,,321.0,,,
2020-01-13,4078.0,,100.0,,,
2020-01-14,3932.0,,384.0,,,
2020-01-15,3763.0,,287.0,,,
2020-01-16,3716.0,,313.0,,,
2020-01-17,4417.0,,303.0,,,
2020-01-18,5055.0,,681.0,,,
2020-01-19,5455.0,,230.0,,,
2020-01-20,4344.0,,163.0,,,
2020-01-21,3765.0,,421.0,,,
2020-01-22,3674.0,,127.0,,,
2020-01-23,3810.0,,236.0,,,
2020-01-24,4162.0,,140.0,,,
2020-01-25,4921.0,,434.0,,,
2020-01-26,5352.0,,169.0,,,
2020-01-27,3658.0,,126.0,,,
2020-01-28,3969.0,,174.0,,,
2020-01-29,3597.0,,340.0,,,
2020-01-30,3756.0,,371.0,,,
2020-01-31,3935.0,,230.0,,,
2020-02-01,4836.0,,543.0,,,
2020-02-02,5289.0,,382.0,,,
2020-02-03,3733.0,,109.0,,,
2020-02-04,3693.0,,116.0,,,
2020-02-05,3570.0,,113.0,,,
2020-02-06,3722.0,,270.0,,,
2020-02-07,4155.0,,293.0,,,
2020-02-08,5169.0,,206.0,,,
2020-02-09,5551.0,,365.0,,,
2020-02-10,4195.0,,264.0,,,
2020-02-11,3973.0,,118.0,,,
2020-02-12,3936.0,,279.0,,,
2020-02-13,3810.0,,146.0,,,
2020-02-14,3861.0,,854.0,,,
2020-02-15,4996.0,,473.0,,,
2020-02-16,5264.0,,380.0,,,
2020-02-17,4145.0,,144.0,,,
2020-02-18,3746.0,,130.0,,,
2020-02-19,3732.0,,178.0,,,
2020-02-20,3829.0,,1226.0,,,
2020-02-21,4119.0,,180.0,,,
2020-02-22,4858.0,,20304.0,,,
2020-02-23,5199.0,,418.0,,,
2020-02-24,3830.0,,25341.0,,,
2020-02-25,3651.0,,617.0,,,
2020-02-26,3614.0,,610.0,,,
2020-02-27,3649.0,,292.0,,,
2020-02-28,3986.0,,368.0,,,
2020-02-29,4933.0,,953.0,,,
2020-03-01,5089.0,,3344.0,,,
2020-03-02,3745.0,,23193.0,,,
2020-03-03,3588.0,,1520.0,,,
2020-03-04,3537.0,,17942.0,,,
2020-03-05,3646.0,,3318.0,,,
2020-03-06,4044.0,,2863.0,,,
2020-03-07,4800.0,,1998.0,,,
2020-03-08,5027.0,,368.0,,,
2020-03-09,3693.0,,1172.0,,,
2020-03-10,3602.0,,7877.0,,,
2020-03-11,3457.0,,115.0,,,
2020-03-12,3492.0,,119.0,,,
2020-03-13,4151.0,,146.0,,,
2020-03-14,4742.0,,177.0,,,
2020-03-15,5153.0,,318.0,,,
2020-03-16,4120.0,,177.0,,,
2020-03-17,4205.0,,151.0,,,
2020-03-18,4257.0,,597.0,,,
2020-03-19,4297.0,,301.0,,,
2020-03-20,4567.0,,164.0,,,
2020-03-21,4996.0,,353.0,,,
2020-03-22,5273.0,,513.0,,,
2020-03-23,4108.0,,181.0,,,
2020-03-24,4329.0,,161.0,,,
2020-03-25,4320.0,,337.0,,,
2020-03-26,4190.0,,333.0,,,
2020-03-27,4789.0,,161.0,,,
2020-03-28,4879.0,,194.0,,,
2020-03-29,5207.0,,303.0,,,
2020-03-30,3906.0,,179.0,,,
2020-03-31,3844.0,,134.0,,,
2020-04-01,3864.0,,167.0,,,
2020-04-02,3867.0,,146.0,,,
2020-04-03,4220.0,,184.0,,,
2020-04-04,4675.0,,209.0,,,
2020-04-05,4709.0,,402.0,,,
2020-04-06,3897.0,,245.0,,,
2020-04-07,3942.0,,295.0,,,
2020-04-08,3927.0,,312.0,,,
2020-04-09,4330.0,,331.0,,,
2020-04-10,4513.0,,256.0,,,
2020-04-11,4787.0,,184.0,,,
2020-04-12,4992.0,,249.0,,,
2020-04-13,4381.0,,309.0,,,
2020-04-14,4358.0,,270.0,,,
2020-04-15,4076.0,,313.0,,,
2020-04-16,4345.0,,296.0,,,
2020-04-17,4613.0,,415.0,,,
2020-04-18,4998.0,,381.0,,,
2020-04-19,5094.0,,721.0,,,
2020-04-20,4161.0,,303.0,,,
2020-04-21,4507.0,,166.0,,,
2020-04-22,4299.0,,349.0,,,
2020-04-23,4328.0,,225.0,,,
2020-04-24,4294.0,,598.0,,,
2020-04-25,4923.0,,734.0,,,
2020-04-26,5034.0,,991.0,,,
2020-04-27,4086.0,,526.0,,,
2020-04-28,4163.0,,215.0,,,
2020-04-29,4348.0,,209.0,,,
2020-04-30,6656.0,,278.0,,,
2020-05-01,10298.0,,823.0,,,
2020-05-02,11290.0,,2414.0,,,
2020-05-03,9565.0,,4434.0,,,
2020-05-04,7286.0,,581.0,,,
2020-05-05,6754.0,,2195.0,,,
2020-05-06,5194.0,,1303.0,,,
2020-05-07,4772.0,,392.0,,,
2020-05-08,6665.0,,391.0,,,
2020-05-09,6899.0,,5392.0,,,
2020-05-10,6768.0,,2779.0,,,
2020-05-11,5794.0,,2656.0,,,
2020-05-12,5671.0,,35819.0,,,
2020-05-13,5332.0,,2203.0,,,
2020-05-14,5647.0,,7323.0,,,
2020-05-15,5617.0,,2148.0,,,
2020-05-16,5778.0,,3588.0,,,
2020-05-17,6237.0,,2052.0,,,
2020-05-18,4958.0,,1887.0,,,
2020-05-19,5174.0,,2098.0,,,
2020-05-20,4970.0,,1797.0,,,
2020-05-21,4721.0,,1781.0,,,
2020-05-22,5269.0,,3125.0,,,
2020-05-23,5670.0,,2166.0,,,
2020-05-24,5692.0,,2409.0,,,
2020-05-25,5638.0,,1046.0,,,
2020-05-26,4672.0,,405.0,,,
2020-05-27,4527.0,,1137.0,,,
2020-05-28,4289.0,,1741.0,,,
2020-05-29,4433.0,,1754.0,,,
2020-05-30,4660.0,,1354.0,,,
2020-05-31,5355.0,,588.0,,,
2020-06-01,4344.0,,456.0,,,
2020-06-02,4337.0,,270.0,,,
2020-06-03,4397.0,,976.0,,,
2020-06-04,4560.0,,534.0,,,
2020-06-05,4643.0,,336.0,,,
2020-06-06,5040.0,,411.0,,,
2020-06-07,5258.0,,231.0,,,
2020-06-08,4485.0,,1566.0,,,
2020-06-09,4296.0,,310.0,,,
2020-06-10,4349.0,,212.0,,,
2020-06-11,4458.0,,3054.0,,,
2020-06-12,4310.0,,408.0,,,
2020-06-13,4712.0,,463.0,,,
2020-06-14,5191.0,,588.0,,,
2020-06-15,4318.0,,343.0,,,
2020-06-16,4238.0,,496.0,,,
2020-06-17,4229.0,,767.0,,,
2020-06-18,4203.0,,159.0,,,
2020-06-19,4157.0,,522.0,,,
2020-06-20,4631.0,,399.0,,,
2020-06-21,4944.0,,428.0,,,
2020-06-22,4232.0,,319.0,,,
2020-06-23,4221.0,,387.0,,,
2020-06-24,3952.0,,315.0,,,
2020-06-25,3704.0,,255.0,,,
2020-06-26,4269.0,,284.0,,,
2020-06-27,4799.0,,570.0,,,
2020-06-28,5586.0,,425.0,,,
2020-06-29,4713.0,,807.0,,,
2020-06-30,5129.0,,326.0,,,
2020-07-01,4900.0,,463.0,,,
2020-07-02,4865.0,,565.0,,,
2020-07-03,5053.0,,869.0,,,
2020-07-04,5022.0,,453.0,,,
2020-07-05,6049.0,,413.0,,,
2020-07-06,5125.0,,878.0,,,
2020-07-07,4847.0,,274.0,,,
2020-07-08,4503.0,,529.0,,,
2020-07-09,4954.0,,717.0,,,
2020-07-10,4848.0,,664.0,,,
2020-07-11,5302.0,,479.0,,,
2020-07-12,5823.0,,645.0,,,
2020-07-13,4706.0,,288.0,,,
2020-07-14,4676.0,,374.0,,,
2020-07-15,4574.0,,367.0,,,
2020-07-16,4535.0,,529.0,,,
2020-07-17,4643.0,,361.0,,,
2020-07-18,4963.0,,268.0,,,
2020-07-19,5563.0,,343.0,,,
2020-07-20,4805.0,,305.0,,,
2020-07-21,4844.0,,297.0,,,
2020-07-22,4968.0,,1083.0,,,
2020-07-23,5307.0,,638.0,,,
2020-07-24,5281.0,,539.0,,,
2020-07-25,5951.0,,300.0,,,
2020-07-26,6606.0,,4986.0,,,
2020-07-27,5617.0,,565.0,,,
2020-07-28,5489.0,,338.0,,,
2020-07-29,5496.0,,1111.0,,,
2020-07-30,5361.0,,455.0,,,
2020-07-31,5081.0,,37815.0,,,
2020-08-01,5653.0,,3130.0,,,
2020-08-02,6280.0,,862.0,,,
2020-08-03,5369.0,,844.0,,,
2020-08-04,5154.0,,1300.0,,,
2020-08-05,4905.0,,970.0,,,
2020-08-06,5341.0,,485.0,,,
2020-08-07,5068.0,,603.0,,,
2020-08-08,5652.0,,879.0,,,
2020-08-09,6141.0,,254.0,,,
2020-08-10,5210.0,,890.0,,,
2020-08-11,5083.0,,370.0,,,
2020-08-12,4987.0,,654.0,,,
2020-08-13,5333.0,,397.0,,,
