"DateTime","Players","Flags","Twitch Viewers"
"2015-11-01 00:00:00",5
"2015-11-02 00:00:00",
"2015-11-03 00:00:00",
"2015-11-04 00:00:00",
"2015-11-05 00:00:00",
"2015-11-06 00:00:00",
"2015-11-07 00:00:00",
"2015-11-08 00:00:00",
"2015-11-09 00:00:00",
"2015-11-10 00:00:00",
"2015-11-11 00:00:00",
"2015-11-12 00:00:00",
"2015-11-13 00:00:00",
"2015-11-14 00:00:00",
"2015-11-15 00:00:00",
"2015-11-16 00:00:00",
"2015-11-17 00:00:00",
"2015-11-18 00:00:00",
"2015-11-19 00:00:00",3
"2015-11-20 00:00:00",3
"2015-11-21 00:00:00",4
"2015-11-22 00:00:00",1
"2015-11-23 00:00:00",1
"2015-11-24 00:00:00",2
"2015-11-25 00:00:00",4
"2015-11-26 00:00:00",5
"2015-11-27 00:00:00",6
"2015-11-28 00:00:00",2
"2015-11-29 00:00:00",2
"2015-11-30 00:00:00",4
"2015-12-01 00:00:00",2
"2015-12-02 00:00:00",10
"2015-12-03 00:00:00",7
"2015-12-04 00:00:00",5
"2015-12-05 00:00:00",315
"2015-12-06 00:00:00",332
"2015-12-07 00:00:00",249
"2015-12-08 00:00:00",195
"2015-12-09 00:00:00",183
"2015-12-10 00:00:00",165
"2015-12-11 00:00:00",179
"2015-12-12 00:00:00",212
"2015-12-13 00:00:00",221
"2015-12-14 00:00:00",212
"2015-12-15 00:00:00",3543,
"2015-12-16 00:00:00",2753
"2015-12-17 00:00:00",2971
"2015-12-18 00:00:00",2401
"2015-12-19 00:00:00",3184
"2015-12-20 00:00:00",3231
"2015-12-21 00:00:00",2927
"2015-12-22 00:00:00",2694
"2015-12-23 00:00:00",2692
"2015-12-24 00:00:00",2563
"2015-12-25 00:00:00",2149
"2015-12-26 00:00:00",3305
"2015-12-27 00:00:00",3460
"2015-12-28 00:00:00",3431
"2015-12-29 00:00:00",3066
"2015-12-30 00:00:00",3018
"2015-12-31 00:00:00",3044
"2016-01-01 00:00:00",2957
"2016-01-02 00:00:00",2951
"2016-01-03 00:00:00",2853
"2016-01-04 00:00:00",2343
"2016-01-05 00:00:00",1996
"2016-01-06 00:00:00",1875
"2016-01-07 00:00:00",2008
"2016-01-08 00:00:00",2049
"2016-01-09 00:00:00",2433
"2016-01-10 00:00:00",2584
"2016-01-11 00:00:00",2159
"2016-01-12 00:00:00",2382
"2016-01-13 00:00:00",2188
"2016-01-14 00:00:00",2281
"2016-01-15 00:00:00",2655
"2016-01-16 00:00:00",2763
"2016-01-17 00:00:00",2729
"2016-01-18 00:00:00",2442
"2016-01-19 00:00:00",1992
"2016-01-20 00:00:00",1867
"2016-01-21 00:00:00",1486
"2016-01-22 00:00:00",2075
"2016-01-23 00:00:00",2171
"2016-01-24 00:00:00",2169
"2016-01-25 00:00:00",1800
"2016-01-26 00:00:00",1630
"2016-01-27 00:00:00",1304
"2016-01-28 00:00:00",1340
"2016-01-29 00:00:00",1367
"2016-01-30 00:00:00",1632
"2016-01-31 00:00:00",1630
"2016-02-01 00:00:00",1307
"2016-02-02 00:00:00",1237
"2016-02-03 00:00:00",1266
"2016-02-04 00:00:00",1776
"2016-02-05 00:00:00",1925
"2016-02-06 00:00:00",1999
"2016-02-07 00:00:00",1980
"2016-02-08 00:00:00",1784
"2016-02-09 00:00:00",1600
"2016-02-10 00:00:00",1472
"2016-02-11 00:00:00",1490
"2016-02-12 00:00:00",1571
"2016-02-13 00:00:00",1836
"2016-02-14 00:00:00",1790
"2016-02-15 00:00:00",1698
"2016-02-16 00:00:00",1348
"2016-02-17 00:00:00",1390
"2016-02-18 00:00:00",1312
"2016-02-19 00:00:00",1238
"2016-02-20 00:00:00",1376
"2016-02-21 00:00:00",1545
"2016-02-22 00:00:00",1159
"2016-02-23 00:00:00",1183
"2016-02-24 00:00:00",1184
"2016-02-25 00:00:00",1091
"2016-02-26 00:00:00",1295
"2016-02-27 00:00:00",1423
"2016-02-28 00:00:00",1518
"2016-02-29 00:00:00",1191
"2016-03-01 00:00:00",1193
"2016-03-02 00:00:00",1168
"2016-03-03 00:00:00",1191
"2016-03-04 00:00:00",1258
"2016-03-05 00:00:00",1483
"2016-03-06 00:00:00",1557
"2016-03-07 00:00:00",1106
"2016-03-08 00:00:00",973
"2016-03-09 00:00:00",953
"2016-03-10 00:00:00",885
"2016-03-11 00:00:00",1123
"2016-03-12 00:00:00",1146
"2016-03-13 00:00:00",1281
"2016-03-14 00:00:00",938
"2016-03-15 00:00:00",1019
"2016-03-16 00:00:00",906
"2016-03-17 00:00:00",868
"2016-03-18 00:00:00",987
"2016-03-19 00:00:00",1128
"2016-03-20 00:00:00",1199
"2016-03-21 00:00:00",990
"2016-03-22 00:00:00",1423
"2016-03-23 00:00:00",1136
"2016-03-24 00:00:00",1164
"2016-03-25 00:00:00",1208
"2016-03-26 00:00:00",1113
"2016-03-27 00:00:00",1372
"2016-03-28 00:00:00",1267
"2016-03-29 00:00:00",1076
"2016-03-30 00:00:00",1075
"2016-03-31 00:00:00",1057
"2016-04-01 00:00:00",1111
"2016-04-02 00:00:00",1216
"2016-04-03 00:00:00",1324
"2016-04-04 00:00:00",1092
"2016-04-05 00:00:00",912
"2016-04-06 00:00:00",883
"2016-04-07 00:00:00",895
"2016-04-08 00:00:00",741
"2016-04-09 00:00:00",1230
"2016-04-10 00:00:00",1294
"2016-04-11 00:00:00",960
"2016-04-12 00:00:00",957
"2016-04-13 00:00:00",862
"2016-04-14 00:00:00",916
"2016-04-15 00:00:00",981
"2016-04-16 00:00:00",1121
"2016-04-17 00:00:00",1217
"2016-04-18 00:00:00",933
"2016-04-19 00:00:00",944
"2016-04-20 00:00:00",877
"2016-04-21 00:00:00",846
"2016-04-22 00:00:00",887
"2016-04-23 00:00:00",947
"2016-04-24 00:00:00",1151
"2016-04-25 00:00:00",879
"2016-04-26 00:00:00",888
"2016-04-27 00:00:00",917
"2016-04-28 00:00:00",890
"2016-04-29 00:00:00",912
"2016-04-30 00:00:00",1012
"2016-05-01 00:00:00",1290
"2016-05-02 00:00:00",899
"2016-05-03 00:00:00",964
"2016-05-04 00:00:00",949
"2016-05-05 00:00:00",872
"2016-05-06 00:00:00",794
"2016-05-07 00:00:00",934
"2016-05-08 00:00:00",1131
"2016-05-09 00:00:00",845
"2016-05-10 00:00:00",904
"2016-05-11 00:00:00",857
"2016-05-12 00:00:00",843
"2016-05-13 00:00:00",877
"2016-05-14 00:00:00",904
"2016-05-15 00:00:00",1176
"2016-05-16 00:00:00",868
"2016-05-17 00:00:00",804
"2016-05-18 00:00:00",764
"2016-05-19 00:00:00",846
"2016-05-20 00:00:00",835
"2016-05-21 00:00:00",865
"2016-05-22 00:00:00",1035
"2016-05-23 00:00:00",813
"2016-05-24 00:00:00",739
"2016-05-25 00:00:00",739
"2016-05-26 00:00:00",1652
"2016-05-27 00:00:00",1334
"2016-05-28 00:00:00",1221
"2016-05-29 00:00:00",1376
"2016-05-30 00:00:00",1289
"2016-05-31 00:00:00",1047
"2016-06-01 00:00:00",959
"2016-06-02 00:00:00",910
"2016-06-03 00:00:00",1060
"2016-06-04 00:00:00",1077
"2016-06-05 00:00:00",1266
"2016-06-06 00:00:00",943
"2016-06-07 00:00:00",915
"2016-06-08 00:00:00",864
"2016-06-09 00:00:00",894
"2016-06-10 00:00:00",809
"2016-06-11 00:00:00",867
"2016-06-12 00:00:00",956
"2016-06-13 00:00:00",755
"2016-06-14 00:00:00",839
"2016-06-15 00:00:00",814
"2016-06-16 00:00:00",682
"2016-06-17 00:00:00",821
"2016-06-18 00:00:00",967
"2016-06-19 00:00:00",950
"2016-06-20 00:00:00",703
"2016-06-21 00:00:00",720
"2016-06-22 00:00:00",741
"2016-06-23 00:00:00",753
"2016-06-24 00:00:00",1046
"2016-06-25 00:00:00",1158
"2016-06-26 00:00:00",1513
"2016-06-27 00:00:00",1138
"2016-06-28 00:00:00",1406
"2016-06-29 00:00:00",1319
"2016-06-30 00:00:00",1086
"2016-07-01 00:00:00",1268
"2016-07-02 00:00:00",1212
"2016-07-03 00:00:00",1537
"2016-07-04 00:00:00",1659
"2016-07-05 00:00:00",1202
"2016-07-06 00:00:00",1123
"2016-07-07 00:00:00",930
"2016-07-08 00:00:00",1091
"2016-07-09 00:00:00",1144
"2016-07-10 00:00:00",1180
"2016-07-11 00:00:00",931
"2016-07-12 00:00:00",976
"2016-07-13 00:00:00",919
"2016-07-14 00:00:00",891
"2016-07-15 00:00:00",901
"2016-07-16 00:00:00",1003
"2016-07-17 00:00:00",1132
"2016-07-18 00:00:00",878
"2016-07-19 00:00:00",871
"2016-07-20 00:00:00",773
"2016-07-21 00:00:00",889
"2016-07-22 00:00:00",947
"2016-07-23 00:00:00",940
"2016-07-24 00:00:00",1100
"2016-07-25 00:00:00",885
"2016-07-26 00:00:00",846
"2016-07-27 00:00:00",847
"2016-07-28 00:00:00",717
"2016-07-29 00:00:00",898
"2016-07-30 00:00:00",920
"2016-07-31 00:00:00",1038
"2016-08-01 00:00:00",847
"2016-08-02 00:00:00",749
"2016-08-03 00:00:00",972
"2016-08-04 00:00:00",1101
"2016-08-05 00:00:00",1273
"2016-08-06 00:00:00",1341
"2016-08-07 00:00:00",2983
"2016-08-08 00:00:00",2576
"2016-08-09 00:00:00",2170
"2016-08-10 00:00:00",1897
"2016-08-11 00:00:00",1790
"2016-08-12 00:00:00",1548
"2016-08-13 00:00:00",1629
"2016-08-14 00:00:00",1704
"2016-08-15 00:00:00",1464
"2016-08-16 00:00:00",1302
"2016-08-17 00:00:00",1156
"2016-08-18 00:00:00",1167
"2016-08-19 00:00:00",1318
"2016-08-20 00:00:00",1467
"2016-08-21 00:00:00",1540
"2016-08-22 00:00:00",1203
"2016-08-23 00:00:00",1095
"2016-08-24 00:00:00",1059
"2016-08-25 00:00:00",1064
"2016-08-26 00:00:00",858
"2016-08-27 00:00:00",1190
"2016-08-28 00:00:00",1393
"2016-08-29 00:00:00",1130
"2016-08-30 00:00:00",891
"2016-08-31 00:00:00",775
"2016-09-01 00:00:00",747
"2016-09-02 00:00:00",874
"2016-09-03 00:00:00",836
"2016-09-04 00:00:00",1081
"2016-09-05 00:00:00",639
"2016-09-06 00:00:00",814
"2016-09-07 00:00:00",712
"2016-09-08 00:00:00",753
"2016-09-09 00:00:00",912
"2016-09-10 00:00:00",943
"2016-09-11 00:00:00",1074
"2016-09-12 00:00:00",798
"2016-09-13 00:00:00",757
"2016-09-14 00:00:00",818
"2016-09-15 00:00:00",764
"2016-09-16 00:00:00",885
"2016-09-17 00:00:00",1032
"2016-09-18 00:00:00",1067
"2016-09-19 00:00:00",798
"2016-09-20 00:00:00",927
"2016-09-21 00:00:00",927
"2016-09-22 00:00:00",840
"2016-09-23 00:00:00",896
"2016-09-24 00:00:00",1109
"2016-09-25 00:00:00",1187
"2016-09-26 00:00:00",938
"2016-09-27 00:00:00",850
"2016-09-28 00:00:00",811
"2016-09-29 00:00:00",839
"2016-09-30 00:00:00",1019
"2016-10-01 00:00:00",1094
"2016-10-02 00:00:00",1255
"2016-10-03 00:00:00",961
"2016-10-04 00:00:00",936
"2016-10-05 00:00:00",927
"2016-10-06 00:00:00",961
"2016-10-07 00:00:00",1008
"2016-10-08 00:00:00",1139
"2016-10-09 00:00:00",1220
"2016-10-10 00:00:00",914
"2016-10-11 00:00:00",954
"2016-10-12 00:00:00",851
"2016-10-13 00:00:00",844
"2016-10-14 00:00:00",965
"2016-10-15 00:00:00",1037
"2016-10-16 00:00:00",1343
"2016-10-17 00:00:00",944
"2016-10-18 00:00:00",1004
"2016-10-19 00:00:00",916
"2016-10-20 00:00:00",872
"2016-10-21 00:00:00",852
"2016-10-22 00:00:00",917
"2016-10-23 00:00:00",1065
"2016-10-24 00:00:00",680
"2016-10-25 00:00:00",716
"2016-10-26 00:00:00",733
"2016-10-27 00:00:00",711
"2016-10-28 00:00:00",747
"2016-10-29 00:00:00",902
"2016-10-30 00:00:00",952
"2016-10-31 00:00:00",720
"2016-11-01 00:00:00",794
"2016-11-02 00:00:00",1716
"2016-11-03 00:00:00",1583
"2016-11-04 00:00:00",1514
"2016-11-05 00:00:00",1716
"2016-11-06 00:00:00",1950
"2016-11-07 00:00:00",1326
"2016-11-08 00:00:00",1355
"2016-11-09 00:00:00",1253
"2016-11-10 00:00:00",5833
"2016-11-11 00:00:00",10978
"2016-11-12 00:00:00",11503
"2016-11-13 00:00:00",10402
"2016-11-14 00:00:00",4924
"2016-11-15 00:00:00",4225
"2016-11-16 00:00:00",3573
"2016-11-17 00:00:00",3207
"2016-11-18 00:00:00",3239
"2016-11-19 00:00:00",3565
"2016-11-20 00:00:00",3587
"2016-11-21 00:00:00",2622
"2016-11-22 00:00:00",2009
"2016-11-23 00:00:00",2408
"2016-11-24 00:00:00",2356
"2016-11-25 00:00:00",2614
"2016-11-26 00:00:00",2913
"2016-11-27 00:00:00",3004
"2016-11-28 00:00:00",2168
"2016-11-29 00:00:00",2256
"2016-11-30 00:00:00",1990
"2016-12-01 00:00:00",1987
"2016-12-02 00:00:00",2117
"2016-12-03 00:00:00",2460
"2016-12-04 00:00:00",2835
"2016-12-05 00:00:00",1886
"2016-12-06 00:00:00",1967
"2016-12-07 00:00:00",1828
"2016-12-08 00:00:00",1813
"2016-12-09 00:00:00",2097
"2016-12-10 00:00:00",2347
"2016-12-11 00:00:00",2429
"2016-12-12 00:00:00",1791
"2016-12-13 00:00:00",2001
"2016-12-14 00:00:00",1659
"2016-12-15 00:00:00",2166
"2016-12-16 00:00:00",1965
"2016-12-17 00:00:00",2317
"2016-12-18 00:00:00",2550
"2016-12-19 00:00:00",1921
"2016-12-20 00:00:00",1963
"2016-12-21 00:00:00",1928
"2016-12-22 00:00:00",1860
"2016-12-23 00:00:00",2096
"2016-12-24 00:00:00",2001
"2016-12-25 00:00:00",2237
"2016-12-26 00:00:00",2781
"2016-12-27 00:00:00",2639
"2016-12-28 00:00:00",2753
"2016-12-29 00:00:00",2573
"2016-12-30 00:00:00",2738
"2016-12-31 00:00:00",2532
"2017-01-01 00:00:00",2604
"2017-01-02 00:00:00",2899
"2017-01-03 00:00:00",2365
"2017-01-04 00:00:00",2110
"2017-01-05 00:00:00",2194
"2017-01-06 00:00:00",1621
"2017-01-07 00:00:00",2601
"2017-01-08 00:00:00",2614
"2017-01-09 00:00:00",1879
"2017-01-10 00:00:00",1826
"2017-01-11 00:00:00",1589
"2017-01-12 00:00:00",1778
"2017-01-13 00:00:00",1931
"2017-01-14 00:00:00",2190
"2017-01-15 00:00:00",2304
"2017-01-16 00:00:00",1535
"2017-01-17 00:00:00",1648
"2017-01-18 00:00:00",1625
"2017-01-19 00:00:00",1623
"2017-01-20 00:00:00",1687
"2017-01-21 00:00:00",2036
"2017-01-22 00:00:00",2248
"2017-01-23 00:00:00",1521
"2017-01-24 00:00:00",1566
"2017-01-25 00:00:00",1392
"2017-01-26 00:00:00",1351
"2017-01-27 00:00:00",1704
"2017-01-28 00:00:00",1784
"2017-01-29 00:00:00",2142
"2017-01-30 00:00:00",1531
"2017-01-31 00:00:00",1433
"2017-02-01 00:00:00",1345
"2017-02-02 00:00:00",1354
"2017-02-03 00:00:00",1603
"2017-02-04 00:00:00",1942
"2017-02-05 00:00:00",2188
"2017-02-06 00:00:00",1586
"2017-02-07 00:00:00",1543
"2017-02-08 00:00:00",1494
"2017-02-09 00:00:00",1466
"2017-02-10 00:00:00",1509
"2017-02-11 00:00:00",1822
"2017-02-12 00:00:00",1927
"2017-02-13 00:00:00",1375
"2017-02-14 00:00:00",1231
"2017-02-15 00:00:00",1323
"2017-02-16 00:00:00",1342
"2017-02-17 00:00:00",1605
"2017-02-18 00:00:00",1830
"2017-02-19 00:00:00",1991
"2017-02-20 00:00:00",1529
"2017-02-21 00:00:00",1477
"2017-02-22 00:00:00",1395
"2017-02-23 00:00:00",1354
"2017-02-24 00:00:00",1313
"2017-02-25 00:00:00",1658
"2017-02-26 00:00:00",1893
"2017-02-27 00:00:00",1240
"2017-02-28 00:00:00",1345
"2017-03-01 00:00:00",1267
"2017-03-02 00:00:00",1223
"2017-03-03 00:00:00",1343
"2017-03-04 00:00:00",1694
"2017-03-05 00:00:00",1871
"2017-03-06 00:00:00",1383
"2017-03-07 00:00:00",1439
"2017-03-08 00:00:00",1295
"2017-03-09 00:00:00",1230
"2017-03-10 00:00:00",1378
"2017-03-11 00:00:00",1650
"2017-03-12 00:00:00",1821
"2017-03-13 00:00:00",1335
"2017-03-14 00:00:00",1386
"2017-03-15 00:00:00",1256
"2017-03-16 00:00:00",1635
"2017-03-17 00:00:00",1381
"2017-03-18 00:00:00",1735
"2017-03-19 00:00:00",3394
"2017-03-20 00:00:00",2320
"2017-03-21 00:00:00",1691
"2017-03-22 00:00:00",806
"2017-03-23 00:00:00",1677
"2017-03-24 00:00:00",1890
"2017-03-25 00:00:00",2170
"2017-03-26 00:00:00",2413
"2017-03-27 00:00:00",1588
"2017-03-28 00:00:00",1623
"2017-03-29 00:00:00",1494
"2017-03-30 00:00:00",1452
"2017-03-31 00:00:00",1594
"2017-04-01 00:00:00",2029
"2017-04-02 00:00:00",2149
"2017-04-03 00:00:00",1530
"2017-04-04 00:00:00",1521
"2017-04-05 00:00:00",2151
"2017-04-06 00:00:00",4639
"2017-04-07 00:00:00",8048
"2017-04-08 00:00:00",10064
"2017-04-09 00:00:00",9353
"2017-04-10 00:00:00",7157
"2017-04-11 00:00:00",3934
"2017-04-12 00:00:00",3541
"2017-04-13 00:00:00",3561
"2017-04-14 00:00:00",3662
"2017-04-15 00:00:00",3747
"2017-04-16 00:00:00",3594
"2017-04-17 00:00:00",2969
"2017-04-18 00:00:00",2555
"2017-04-19 00:00:00",2372
"2017-04-20 00:00:00",2594
"2017-04-21 00:00:00",2728
"2017-04-22 00:00:00",2963
"2017-04-23 00:00:00",2996
"2017-04-24 00:00:00",2222
"2017-04-25 00:00:00",2365
"2017-04-26 00:00:00",1898
"2017-04-27 00:00:00",1965
"2017-04-28 00:00:00",2212
"2017-04-29 00:00:00",2422
"2017-04-30 00:00:00",2727
"2017-05-01 00:00:00",2217
"2017-05-02 00:00:00",3446
"2017-05-03 00:00:00",3060
"2017-05-04 00:00:00",3078
"2017-05-05 00:00:00",3181
"2017-05-06 00:00:00",3539
"2017-05-07 00:00:00",3703
"2017-05-08 00:00:00",2941
"2017-05-09 00:00:00",2765
"2017-05-10 00:00:00",2533
"2017-05-11 00:00:00",2240
"2017-05-12 00:00:00",2452
"2017-05-13 00:00:00",2936
"2017-05-14 00:00:00",2973
"2017-05-15 00:00:00",2288
"2017-05-16 00:00:00",2283
"2017-05-17 00:00:00",2295
"2017-05-18 00:00:00",2308
"2017-05-19 00:00:00",2172
"2017-05-20 00:00:00",2505
"2017-05-21 00:00:00",2663
"2017-05-22 00:00:00",2099
"2017-05-23 00:00:00",2237
"2017-05-24 00:00:00",2090
"2017-05-25 00:00:00",2036
"2017-05-26 00:00:00",2154
"2017-05-27 00:00:00",2252
"2017-05-28 00:00:00",2738
"2017-05-29 00:00:00",2423
"2017-05-30 00:00:00",1995
"2017-05-31 00:00:00",2036
"2017-06-01 00:00:00",1922
"2017-06-02 00:00:00",2230
"2017-06-03 00:00:00",2441
"2017-06-04 00:00:00",2903
"2017-06-05 00:00:00",2647
"2017-06-06 00:00:00",2425
"2017-06-07 00:00:00",2132
"2017-06-08 00:00:00",2146
"2017-06-09 00:00:00",2295
"2017-06-10 00:00:00",2384
"2017-06-11 00:00:00",2619
"2017-06-12 00:00:00",2046
"2017-06-13 00:00:00",2110
"2017-06-14 00:00:00",1996
"2017-06-15 00:00:00",2056
"2017-06-16 00:00:00",2098
"2017-06-17 00:00:00",2229
"2017-06-18 00:00:00",2349
"2017-06-19 00:00:00",1965
"2017-06-20 00:00:00",1953
"2017-06-21 00:00:00",1773
"2017-06-22 00:00:00",1947
"2017-06-23 00:00:00",2800
"2017-06-24 00:00:00",3239
"2017-06-25 00:00:00",3710
"2017-06-26 00:00:00",3334
"2017-06-27 00:00:00",3273
"2017-06-28 00:00:00",3096
"2017-06-29 00:00:00",2911
"2017-06-30 00:00:00",2912
"2017-07-01 00:00:00",3190
"2017-07-02 00:00:00",3650
"2017-07-03 00:00:00",3420
"2017-07-04 00:00:00",3685
"2017-07-05 00:00:00",3182
"2017-07-06 00:00:00",2827
"2017-07-07 00:00:00",2820
"2017-07-08 00:00:00",2838
"2017-07-09 00:00:00",3214
"2017-07-10 00:00:00",2839
"2017-07-11 00:00:00",2619
"2017-07-12 00:00:00",2508
"2017-07-13 00:00:00",3069
"2017-07-14 00:00:00",2817
"2017-07-15 00:00:00",3033
"2017-07-16 00:00:00",3177
"2017-07-17 00:00:00",2526
"2017-07-18 00:00:00",2383
"2017-07-19 00:00:00",2283
"2017-07-20 00:00:00",2233
"2017-07-21 00:00:00",2294
"2017-07-22 00:00:00",2545
"2017-07-23 00:00:00",2804
"2017-07-24 00:00:00",2294
"2017-07-25 00:00:00",2384
"2017-07-26 00:00:00",2234
"2017-07-27 00:00:00",2235
"2017-07-28 00:00:00",2104
"2017-07-29 00:00:00",2403
"2017-07-30 00:00:00",2701
"2017-07-31 00:00:00",2198
"2017-08-01 00:00:00",2285
"2017-08-02 00:00:00",2084
"2017-08-03 00:00:00",2056
"2017-08-04 00:00:00",2023
"2017-08-05 00:00:00",2291
"2017-08-06 00:00:00",2446
"2017-08-07 00:00:00",1916
"2017-08-08 00:00:00",1978
"2017-08-09 00:00:00",1879
"2017-08-10 00:00:00",1885
"2017-08-11 00:00:00",2007
"2017-08-12 00:00:00",2323
"2017-08-13 00:00:00",2491
"2017-08-14 00:00:00",1842
"2017-08-15 00:00:00",1879
"2017-08-16 00:00:00",1866
"2017-08-17 00:00:00",1816
"2017-08-18 00:00:00",1953
"2017-08-19 00:00:00",2220
"2017-08-20 00:00:00",2662
"2017-08-21 00:00:00",1799
"2017-08-22 00:00:00",1823,,60
"2017-08-23 00:00:00",1749,,69
"2017-08-24 00:00:00",1888,,90
"2017-08-25 00:00:00",1829,,300
"2017-08-26 00:00:00",2076,,292
"2017-08-27 00:00:00",2424,,221
"2017-08-28 00:00:00",1652,,108
"2017-08-29 00:00:00",1681,,66
"2017-08-30 00:00:00",1595,,79
"2017-08-31 00:00:00",1550,,29
"2017-09-01 00:00:00",1786,,102
"2017-09-02 00:00:00",2067,,63
"2017-09-03 00:00:00",2151,,78
"2017-09-04 00:00:00",2139,,895
"2017-09-05 00:00:00",1631,,792
"2017-09-06 00:00:00",1615,,67
"2017-09-07 00:00:00",1599,,195
"2017-09-08 00:00:00",2112,,209
"2017-09-09 00:00:00",2308,,266
"2017-09-10 00:00:00",2503,,33943
"2017-09-11 00:00:00",1859,,544
"2017-09-12 00:00:00",1802,,76
"2017-09-13 00:00:00",1707,,47
"2017-09-14 00:00:00",1707,,114
"2017-09-15 00:00:00",1782,,55
"2017-09-16 00:00:00",2248,,146
"2017-09-17 00:00:00",2449,,401
"2017-09-18 00:00:00",1779,,178
"2017-09-19 00:00:00",1707,,176
"2017-09-20 00:00:00",1675,,154
"2017-09-21 00:00:00",1731,,1222
"2017-09-22 00:00:00",1824,,78
"2017-09-23 00:00:00",2095,,90
"2017-09-24 00:00:00",2398,,151
"2017-09-25 00:00:00",1672,,152
"2017-09-26 00:00:00",1634,,57
"2017-09-27 00:00:00",1591,,98
"2017-09-28 00:00:00",1584,,95
"2017-09-29 00:00:00",1695,,52
"2017-09-30 00:00:00",1991,,106
"2017-10-01 00:00:00",2228,,179
"2017-10-02 00:00:00",1642,,88
"2017-10-03 00:00:00",1750,,86
"2017-10-04 00:00:00",1652,,105
"2017-10-05 00:00:00",1736,,221
"2017-10-06 00:00:00",1850,,221
"2017-10-07 00:00:00",2265,,88
"2017-10-08 00:00:00",2381,,176
"2017-10-09 00:00:00",1973,,86
"2017-10-10 00:00:00",1720,,2195
"2017-10-11 00:00:00",1770,,125
"2017-10-12 00:00:00",1746,,122
"2017-10-13 00:00:00",1822,,169
"2017-10-14 00:00:00",2142,,124
"2017-10-15 00:00:00",2243,,300
"2017-10-16 00:00:00",1720,,152
"2017-10-17 00:00:00",1672,,310
"2017-10-18 00:00:00",1580,,79
"2017-10-19 00:00:00",1846,,498
"2017-10-20 00:00:00",1890,,150
"2017-10-21 00:00:00",2194,,283
"2017-10-22 00:00:00",2335,,167
"2017-10-23 00:00:00",1725,,90
"2017-10-24 00:00:00",1679,,125
"2017-10-25 00:00:00",1610,,86
"2017-10-26 00:00:00",1583,,70
"2017-10-27 00:00:00",1899,,73
"2017-10-28 00:00:00",2154,,174
"2017-10-29 00:00:00",2443,,240
"2017-10-30 00:00:00",1946,,86
"2017-10-31 00:00:00",2087,,72
"2017-11-01 00:00:00",2078,,73
"2017-11-02 00:00:00",2124,,377
"2017-11-03 00:00:00",2060,,90
"2017-11-04 00:00:00",2372,,73
"2017-11-05 00:00:00",2528,,212
"2017-11-06 00:00:00",1803,,150
"2017-11-07 00:00:00",1746,,96
"2017-11-08 00:00:00",1644,,885
"2017-11-09 00:00:00",3919,,5945
"2017-11-10 00:00:00",8123,,1879
"2017-11-11 00:00:00",9403,,31426
"2017-11-12 00:00:00",8822,,23000
"2017-11-13 00:00:00",4642,,788
"2017-11-14 00:00:00",3866,,1650
"2017-11-15 00:00:00",3485,,2140
"2017-11-16 00:00:00",3264,,711
"2017-11-17 00:00:00",3263,,329
"2017-11-18 00:00:00",3562,,3531
"2017-11-19 00:00:00",3707,,9789
"2017-11-20 00:00:00",2918,,292
"2017-11-21 00:00:00",2685,,459
"2017-11-22 00:00:00",2625,,728
"2017-11-23 00:00:00",2806,,1016
"2017-11-24 00:00:00",3316,,654
"2017-11-25 00:00:00",3405,,608
"2017-11-26 00:00:00",3806,,554
"2017-11-27 00:00:00",2778,,118
"2017-11-28 00:00:00",2699,,33425
"2017-11-29 00:00:00",2442,,103
"2017-11-30 00:00:00",2496,,123
"2017-12-01 00:00:00",2571,,317
"2017-12-02 00:00:00",3201,,239
"2017-12-03 00:00:00",3089,,879
"2017-12-04 00:00:00",2358,,131
"2017-12-05 00:00:00",2230,,219
"2017-12-06 00:00:00",2186,,84
"2017-12-07 00:00:00",2308,,310
"2017-12-08 00:00:00",2363,,397
"2017-12-09 00:00:00",2849,,157
"2017-12-10 00:00:00",2735,,275
"2017-12-11 00:00:00",2113,,145
"2017-12-12 00:00:00",2043,,220
"2017-12-13 00:00:00",1963,,79
"2017-12-14 00:00:00",1995,,152
"2017-12-15 00:00:00",2057,,115
"2017-12-16 00:00:00",2510,,125
"2017-12-17 00:00:00",2585,,101
"2017-12-18 00:00:00",1899,,218
"2017-12-19 00:00:00",2171,,88
"2017-12-20 00:00:00",2012,,79
"2017-12-21 00:00:00",3246,,4889
"2017-12-22 00:00:00",3069,,2322
"2017-12-23 00:00:00",3034,,436
"2017-12-24 00:00:00",2406,,2604
"2017-12-25 00:00:00",2285,,76
"2017-12-26 00:00:00",2663,,83
"2017-12-27 00:00:00",2830,,115
"2017-12-28 00:00:00",3086,,157
"2017-12-29 00:00:00",3076,,219
"2017-12-30 00:00:00",3301,,1198
"2017-12-31 00:00:00",2583,,197
"2018-01-01 00:00:00",3305,,101
"2018-01-02 00:00:00",2992,,89
"2018-01-03 00:00:00",2895,,127
"2018-01-04 00:00:00",2951,,249
"2018-01-05 00:00:00",2876,,218
"2018-01-06 00:00:00",3193,,1365
"2018-01-07 00:00:00",3144,,154
"2018-01-08 00:00:00",2404,,116
"2018-01-09 00:00:00",2340,,68
"2018-01-10 00:00:00",2229,,95
"2018-01-11 00:00:00",2250,,113
"2018-01-12 00:00:00",2495,,224
"2018-01-13 00:00:00",2816,,3650
"2018-01-14 00:00:00",2856,,247
"2018-01-15 00:00:00",2445,,302
"2018-01-16 00:00:00",2232,,58
"2018-01-17 00:00:00",2191,,104
"2018-01-18 00:00:00",2135,,69
"2018-01-19 00:00:00",2295,,3587
"2018-01-20 00:00:00",2785,,103
"2018-01-21 00:00:00",2847,,174
"2018-01-22 00:00:00",2059,,111
"2018-01-23 00:00:00",2104,,127
"2018-01-24 00:00:00",2099,,82
"2018-01-25 00:00:00",2131,,156
"2018-01-26 00:00:00",2279,,99
"2018-01-27 00:00:00",2629,,135
"2018-01-28 00:00:00",2629,,258
"2018-01-29 00:00:00",2188,,96
"2018-01-30 00:00:00",2006,,98
"2018-01-31 00:00:00",1916,,54
"2018-02-01 00:00:00",2029,,94
"2018-02-02 00:00:00",3025,,156
"2018-02-03 00:00:00",4107,,1945
"2018-02-04 00:00:00",4402,,1477
"2018-02-05 00:00:00",7570,,5834
"2018-02-06 00:00:00",8560,,5834
"2018-02-07 00:00:00",8489,,3565
"2018-02-08 00:00:00",7192,,4355
"2018-02-09 00:00:00",7141,,5476
"2018-02-10 00:00:00",7900,,579
"2018-02-11 00:00:00",8129,,971
"2018-02-12 00:00:00",5964,,552
"2018-02-13 00:00:00",5053,,686
"2018-02-14 00:00:00",4151,,1041
"2018-02-15 00:00:00",4429,,1270
"2018-02-16 00:00:00",4933,,845
"2018-02-17 00:00:00",5475,,442
"2018-02-18 00:00:00",5742,,483
"2018-02-19 00:00:00",4743,,481
"2018-02-20 00:00:00",4123,,300
"2018-02-21 00:00:00",3980,,289
"2018-02-22 00:00:00",3815,,351
"2018-02-23 00:00:00",3987,,292
"2018-02-24 00:00:00",4659,,248
"2018-02-25 00:00:00",4911,,282
"2018-02-26 00:00:00",3504,,219
"2018-02-27 00:00:00",3507,,344
"2018-02-28 00:00:00",3374,,246
"2018-03-01 00:00:00",3352,,271
"2018-03-02 00:00:00",3585,,377
"2018-03-03 00:00:00",4162,,301
"2018-03-04 00:00:00",4330,,221
"2018-03-05 00:00:00",3017,,269
"2018-03-06 00:00:00",2920,,111
"2018-03-07 00:00:00",3025,,220
"2018-03-08 00:00:00",3023,,228
"2018-03-09 00:00:00",3089,,129
"2018-03-10 00:00:00",3589,,109
"2018-03-11 00:00:00",3903,,231
"2018-03-12 00:00:00",2960,,250
"2018-03-13 00:00:00",2982,,211
"2018-03-14 00:00:00",2772,,162
"2018-03-15 00:00:00",2828,,173
"2018-03-16 00:00:00",3054,,111
"2018-03-17 00:00:00",3544,,224
"2018-03-18 00:00:00",3766,,3794
"2018-03-19 00:00:00",2626,,263
"2018-03-20 00:00:00",2791,,84
"2018-03-21 00:00:00",2745,,140
"2018-03-22 00:00:00",2585,,200
"2018-03-23 00:00:00",2748,,1147
"2018-03-24 00:00:00",3231,,199
"2018-03-25 00:00:00",3165,,114
"2018-03-26 00:00:00",2457,,121
"2018-03-27 00:00:00",2380,,142
"2018-03-28 00:00:00",2264,,167
"2018-03-29 00:00:00",2407,,92
"2018-03-30 00:00:00",2645,,119
"2018-03-31 00:00:00",2727,,146
"2018-04-01 00:00:00",2884,,186
"2018-04-02 00:00:00",2479,,152
"2018-04-03 00:00:00",2464,,88
"2018-04-04 00:00:00",2421,,123
"2018-04-05 00:00:00",2453,,384
"2018-04-06 00:00:00",2715,,182
"2018-04-07 00:00:00",3035,,223
"2018-04-08 00:00:00",3153,,202
"2018-04-09 00:00:00",2420,,208
"2018-04-10 00:00:00",2400,,244
"2018-04-11 00:00:00",2291,,149
"2018-04-12 00:00:00",2313,,1055
"2018-04-13 00:00:00",2582,,315
"2018-04-14 00:00:00",2908,,234
"2018-04-15 00:00:00",3167,,203
"2018-04-16 00:00:00",2377,,202
"2018-04-17 00:00:00",2283,,74
"2018-04-18 00:00:00",2254,,115
"2018-04-19 00:00:00",2143,,206
"2018-04-20 00:00:00",2454,,69
"2018-04-21 00:00:00",3113,,115
"2018-04-22 00:00:00",3371,,129
"2018-04-23 00:00:00",2561,,1958
"2018-04-24 00:00:00",2355,,152
"2018-04-25 00:00:00",2481,,1002
"2018-04-26 00:00:00",2256,,156
"2018-04-27 00:00:00",2332,,105
"2018-04-28 00:00:00",2841,,575
"2018-04-29 00:00:00",2987,,318
"2018-04-30 00:00:00",2889,,2201
"2018-05-01 00:00:00",2868,,2715
"2018-05-02 00:00:00",2931,,4475
"2018-05-03 00:00:00",2696,,4073
"2018-05-04 00:00:00",4954,,6002
"2018-05-05 00:00:00",5707,,2641
"2018-05-06 00:00:00",5955,,2705
"2018-05-07 00:00:00",4483,,2584
"2018-05-08 00:00:00",4333,,1480
"2018-05-09 00:00:00",4145,,758
"2018-05-10 00:00:00",3977,,183
"2018-05-11 00:00:00",4232,,270
"2018-05-12 00:00:00",4918,,286
"2018-05-13 00:00:00",4829,,493
"2018-05-14 00:00:00",3675,,302
"2018-05-15 00:00:00",3653,,153
"2018-05-16 00:00:00",3493,,214
"2018-05-17 00:00:00",3308,,715
"2018-05-18 00:00:00",3555,,235
"2018-05-19 00:00:00",4135,,3114
"2018-05-20 00:00:00",4350,,717
"2018-05-21 00:00:00",3538,,162
"2018-05-22 00:00:00",3442,,132
"2018-05-23 00:00:00",3190,,122
"2018-05-24 00:00:00",3326,,121
"2018-05-25 00:00:00",3394,,166
"2018-05-26 00:00:00",3120,,970
"2018-05-27 00:00:00",3671,,213
"2018-05-28 00:00:00",3662,,110
"2018-05-29 00:00:00",3298,,124
"2018-05-30 00:00:00",3303,,3573
"2018-05-31 00:00:00",3381,,926
"2018-06-01 00:00:00",3193,,1560
"2018-06-02 00:00:00",3728,,290
"2018-06-03 00:00:00",3828,,624
"2018-06-04 00:00:00",3175,,3559
"2018-06-05 00:00:00",3072,,167
"2018-06-06 00:00:00",2990,,101
"2018-06-07 00:00:00",2961,,801
"2018-06-08 00:00:00",2490,,165
"2018-06-09 00:00:00",2978,,107
"2018-06-10 00:00:00",2916,,343
"2018-06-11 00:00:00",2759,,98
"2018-06-12 00:00:00",2615,,98
"2018-06-13 00:00:00",2568,,115
"2018-06-14 00:00:00",2602,,261
"2018-06-15 00:00:00",2515,,136
"2018-06-16 00:00:00",2925,,2997
"2018-06-17 00:00:00",2965,,125
"2018-06-18 00:00:00",2607,,109
"2018-06-19 00:00:00",2765,,163
"2018-06-20 00:00:00",2698,,137
"2018-06-21 00:00:00",4106,,225
"2018-06-22 00:00:00",5523,,609
"2018-06-23 00:00:00",5972,,930
"2018-06-24 00:00:00",5929,,1927
"2018-06-25 00:00:00",4221,,1257
"2018-06-26 00:00:00",4348,,180
"2018-06-27 00:00:00",4199,,399
"2018-06-28 00:00:00",4392,,169
"2018-06-29 00:00:00",4599,,918
"2018-06-30 00:00:00",4798,,1268
"2018-07-01 00:00:00",5431,,1795
"2018-07-02 00:00:00",4859,,1643
"2018-07-03 00:00:00",4691,,1116
"2018-07-04 00:00:00",5362,,1792
"2018-07-05 00:00:00",5136,,1302
"2018-07-06 00:00:00",4830,,2038
"2018-07-07 00:00:00",4432,,264
"2018-07-08 00:00:00",4811,,245
"2018-07-09 00:00:00",4716,,404
"2018-07-10 00:00:00",3990,,1006
"2018-07-11 00:00:00",3728,,1354
"2018-07-12 00:00:00",4103,,1564
"2018-07-13 00:00:00",4061,,2924
"2018-07-14 00:00:00",4430,,1718
"2018-07-15 00:00:00",4908,,1508
"2018-07-16 00:00:00",4192,,211
"2018-07-17 00:00:00",3911,,328
"2018-07-18 00:00:00",3317,,432
"2018-07-19 00:00:00",3258,,279
"2018-07-20 00:00:00",3194,,270
"2018-07-21 00:00:00",3649,,268
"2018-07-22 00:00:00",4164,,201
"2018-07-23 00:00:00",3346,,227
"2018-07-24 00:00:00",3221,,287
"2018-07-25 00:00:00",3082,,309
"2018-07-26 00:00:00",2930,,100
"2018-07-27 00:00:00",2945,,368
"2018-07-28 00:00:00",3288,,449
"2018-07-29 00:00:00",3626,,472
"2018-07-30 00:00:00",3081,,261
"2018-07-31 00:00:00",2998,,137
"2018-08-01 00:00:00",2813,,115
"2018-08-02 00:00:00",2850,,193
"2018-08-03 00:00:00",2791,,529
"2018-08-04 00:00:00",3195,,162
"2018-08-05 00:00:00",3563,,1171
"2018-08-06 00:00:00",3126,,97
"2018-08-07 00:00:00",2898,,617
"2018-08-08 00:00:00",2936,,637
"2018-08-09 00:00:00",2822,,247
"2018-08-10 00:00:00",2770,,86
"2018-08-11 00:00:00",3108,,331
"2018-08-12 00:00:00",3520,,361
"2018-08-13 00:00:00",2958,,1404
"2018-08-14 00:00:00",2861,,120
"2018-08-15 00:00:00",2776,,235
"2018-08-16 00:00:00",2719,,283
"2018-08-17 00:00:00",2782,,181
"2018-08-18 00:00:00",3251,,191
"2018-08-19 00:00:00",3461,,176
"2018-08-20 00:00:00",2723,,97
"2018-08-21 00:00:00",2666,,72
"2018-08-22 00:00:00",2690,,84
"2018-08-23 00:00:00",2636,,248
"2018-08-24 00:00:00",2822,,87
"2018-08-25 00:00:00",3046,,85
"2018-08-26 00:00:00",3435,,217
"2018-08-27 00:00:00",2628,,188
"2018-08-28 00:00:00",2583,,126
"2018-08-29 00:00:00",2400,,89
"2018-08-30 00:00:00",2387,,74
"2018-08-31 00:00:00",2395,,53
"2018-09-01 00:00:00",2748,,110
"2018-09-02 00:00:00",2974,,149
"2018-09-03 00:00:00",2868,,76
"2018-09-04 00:00:00",2159,,103
"2018-09-05 00:00:00",2072,,136
"2018-09-06 00:00:00",1897,,74
"2018-09-07 00:00:00",2154,,72
"2018-09-08 00:00:00",2581,,978
"2018-09-09 00:00:00",2785,,212
"2018-09-10 00:00:00",2105,,69
"2018-09-11 00:00:00",2081,,88
"2018-09-12 00:00:00",2111,,58
"2018-09-13 00:00:00",2020,,76
"2018-09-14 00:00:00",2262,,56
"2018-09-15 00:00:00",2580,,57
"2018-09-16 00:00:00",2720,,127
"2018-09-17 00:00:00",2131,,79
"2018-09-18 00:00:00",2119,,72
"2018-09-19 00:00:00",2059,,51
"2018-09-20 00:00:00",1977,,460
"2018-09-21 00:00:00",2214,,646
"2018-09-22 00:00:00",2614,,1058
"2018-09-23 00:00:00",2898,,657
"2018-09-24 00:00:00",2156,,79
"2018-09-25 00:00:00",2133,,82
"2018-09-26 00:00:00",2019,,60
"2018-09-27 00:00:00",2034,,87
"2018-09-28 00:00:00",2229,,72
"2018-09-29 00:00:00",2557,,143
"2018-09-30 00:00:00",3023,,169
"2018-10-01 00:00:00",2215,,103
"2018-10-02 00:00:00",2348,,126
"2018-10-03 00:00:00",2201,,116
"2018-10-04 00:00:00",2280,,119
"2018-10-05 00:00:00",2421,,101
"2018-10-06 00:00:00",3012,,90
"2018-10-07 00:00:00",2971,,136
"2018-10-08 00:00:00",2679,,120
"2018-10-09 00:00:00",2515,,589
"2018-10-10 00:00:00",2560,,1191
"2018-10-11 00:00:00",2422,,178
"2018-10-12 00:00:00",2647,,118
"2018-10-13 00:00:00",3219,,161
"2018-10-14 00:00:00",3498,,309
"2018-10-15 00:00:00",2792,,66
"2018-10-16 00:00:00",2749,,1332
"2018-10-17 00:00:00",2773,,105
"2018-10-18 00:00:00",2904,,115
"2018-10-19 00:00:00",2845,,75
"2018-10-20 00:00:00",3511,,183
"2018-10-21 00:00:00",3689,,211
"2018-10-22 00:00:00",2807,,77
"2018-10-23 00:00:00",2892,,239
"2018-10-24 00:00:00",2580,,80
"2018-10-25 00:00:00",2682,,468
"2018-10-26 00:00:00",2684,,85
"2018-10-27 00:00:00",3187,,132
"2018-10-28 00:00:00",3197,,152
"2018-10-29 00:00:00",2476,,427
"2018-10-30 00:00:00",2476,,112
"2018-10-31 00:00:00",2476,,67
"2018-11-01 00:00:00",2666,,133
"2018-11-02 00:00:00",2883,,100
"2018-11-03 00:00:00",3181,,122
"2018-11-04 00:00:00",3500,,218
"2018-11-05 00:00:00",2428,,81
"2018-11-06 00:00:00",2274,,1136
"2018-11-07 00:00:00",1940,,2195
"2018-11-08 00:00:00",1781,,1437
"2018-11-09 00:00:00",5388,,1085
"2018-11-10 00:00:00",7829,,1551
"2018-11-11 00:00:00",8496,,324
"2018-11-12 00:00:00",6233,,506
"2018-11-13 00:00:00",5317,,1155
"2018-11-14 00:00:00",4798,,104
"2018-11-15 00:00:00",4557,,107
"2018-11-16 00:00:00",4610,,130
"2018-11-17 00:00:00",5085,,233
"2018-11-18 00:00:00",4965,,161
"2018-11-19 00:00:00",3885,,1006
"2018-11-20 00:00:00",3682,,1462
"2018-11-21 00:00:00",3489,,362
"2018-11-22 00:00:00",3261,,3055
"2018-11-23 00:00:00",3839,,184
"2018-11-24 00:00:00",4088,,167
"2018-11-25 00:00:00",4129,,491
"2018-11-26 00:00:00",3026,,135
"2018-11-27 00:00:00",2920,,116
"2018-11-28 00:00:00",2678,,484
"2018-11-29 00:00:00",2785,,506
"2018-11-30 00:00:00",3041,,211
"2018-12-01 00:00:00",3525,,137
"2018-12-02 00:00:00",3856,,214
"2018-12-03 00:00:00",2646,,174
"2018-12-04 00:00:00",2798,,139
"2018-12-05 00:00:00",2622,,116
"2018-12-06 00:00:00",2640,,122
"2018-12-07 00:00:00",2610,,73
"2018-12-08 00:00:00",3141,,128
"2018-12-09 00:00:00",3409,,3706
"2018-12-10 00:00:00",2806,,132
"2018-12-11 00:00:00",2600,,215
"2018-12-12 00:00:00",2556,,168
"2018-12-13 00:00:00",2455,,107
"2018-12-14 00:00:00",2655,,122
"2018-12-15 00:00:00",3202,,136
"2018-12-16 00:00:00",3328,,198
"2018-12-17 00:00:00",2570,,1127
"2018-12-18 00:00:00",2570,,110
"2018-12-19 00:00:00",2492,,92
"2018-12-20 00:00:00",2606,,168
"2018-12-21 00:00:00",2916,,126
"2018-12-22 00:00:00",3017,,814
"2018-12-23 00:00:00",3040,,306
"2018-12-24 00:00:00",2224,,241
"2018-12-25 00:00:00",2560,,168
"2018-12-26 00:00:00",2858,,123
"2018-12-27 00:00:00",3175,,98
"2018-12-28 00:00:00",3180,,182
"2018-12-29 00:00:00",3442,,97
"2018-12-30 00:00:00",3431,,148
"2018-12-31 00:00:00",2734,,73
"2019-01-01 00:00:00",3256,,119
"2019-01-02 00:00:00",3113,,80
"2019-01-03 00:00:00",3046,,241
"2019-01-04 00:00:00",3331,,424
"2019-01-05 00:00:00",3547,,265
"2019-01-06 00:00:00",3389,,252
"2019-01-07 00:00:00",2612,,151
"2019-01-08 00:00:00",2471,,83
"2019-01-09 00:00:00",2480,,1203
"2019-01-10 00:00:00",2477,,121
"2019-01-11 00:00:00",2742,,182
"2019-01-12 00:00:00",3365,,115
"2019-01-13 00:00:00",3314,,307
"2019-01-14 00:00:00",2506,,391
"2019-01-15 00:00:00",2496,,3116
"2019-01-16 00:00:00",2387,,159
"2019-01-17 00:00:00",2467,,1636
"2019-01-18 00:00:00",2725,,216
"2019-01-19 00:00:00",3156,,236
"2019-01-20 00:00:00",3421,,176
"2019-01-21 00:00:00",2731,,208
"2019-01-22 00:00:00",2542,,2349
"2019-01-23 00:00:00",2344,,128
"2019-01-24 00:00:00",2366,,5335
"2019-01-25 00:00:00",2494,,252
"2019-01-26 00:00:00",3076,,96
"2019-01-27 00:00:00",3377,,323
"2019-01-28 00:00:00",2427,,6009
"2019-01-29 00:00:00",2433,,130
"2019-01-30 00:00:00",2377,,273
"2019-01-31 00:00:00",2462,,104
"2019-02-01 00:00:00",2592,,74
"2019-02-02 00:00:00",3216,,297
"2019-02-03 00:00:00",3384,,163
"2019-02-04 00:00:00",2617,,195
"2019-02-05 00:00:00",2606,,108
"2019-02-06 00:00:00",2392,,182
"2019-02-07 00:00:00",2293,,519
"2019-02-08 00:00:00",2556,,330
"2019-02-09 00:00:00",3016,,176
"2019-02-10 00:00:00",3236,,741
"2019-02-11 00:00:00",2239,,188
"2019-02-12 00:00:00",2207,,5071
"2019-02-13 00:00:00",2122,,135
"2019-02-14 00:00:00",1981,,70
"2019-02-15 00:00:00",2361,,115
"2019-02-16 00:00:00",2724,,54
"2019-02-17 00:00:00",3030,,130
"2019-02-18 00:00:00",2456,,76
"2019-02-19 00:00:00",2181,,81
"2019-02-20 00:00:00",2188,,233
"2019-02-21 00:00:00",2150,,115
"2019-02-22 00:00:00",2367,,189
"2019-02-23 00:00:00",2778,,324
"2019-02-24 00:00:00",3062,,156
"2019-02-25 00:00:00",2126,,101
"2019-02-26 00:00:00",2126,,102
"2019-02-27 00:00:00",2160,,61
"2019-02-28 00:00:00",2178,,89
"2019-03-01 00:00:00",2337,,342
"2019-03-02 00:00:00",2758,,348
"2019-03-03 00:00:00",3106,,200
"2019-03-04 00:00:00",2227,,307
"2019-03-05 00:00:00",2221,,279
"2019-03-06 00:00:00",2265,,109
"2019-03-07 00:00:00",2281,,321
"2019-03-08 00:00:00",2388,,156
"2019-03-09 00:00:00",2905,,144
"2019-03-10 00:00:00",3232,,173
"2019-03-11 00:00:00",2285,,83
"2019-03-12 00:00:00",2260,,85
"2019-03-13 00:00:00",2177,,198
"2019-03-14 00:00:00",2271,,697
"2019-03-15 00:00:00",2538,,100
"2019-03-16 00:00:00",2816,,816
"2019-03-17 00:00:00",2994,,145
"2019-03-18 00:00:00",2385,,100
"2019-03-19 00:00:00",2296,,170
"2019-03-20 00:00:00",2178,,61
"2019-03-21 00:00:00",2268,,92
"2019-03-22 00:00:00",2364,,261
"2019-03-23 00:00:00",2851,,155
"2019-03-24 00:00:00",3011,,144
"2019-03-25 00:00:00",2218,,60
"2019-03-26 00:00:00",2221,,152
"2019-03-27 00:00:00",2320,,104
"2019-03-28 00:00:00",2124,,111
"2019-03-29 00:00:00",2416,,181
"2019-03-30 00:00:00",2761,,250
"2019-03-31 00:00:00",3062,,535
"2019-04-01 00:00:00",2214,,678
"2019-04-02 00:00:00",2343,,389
"2019-04-03 00:00:00",2455,,147
"2019-04-04 00:00:00",2274,,108
"2019-04-05 00:00:00",2427,,89
"2019-04-06 00:00:00",3116,,114
"2019-04-07 00:00:00",3213,,481
"2019-04-08 00:00:00",2355,,947
"2019-04-09 00:00:00",2314,,809
"2019-04-10 00:00:00",2388,,466
"2019-04-11 00:00:00",2418,,250
"2019-04-12 00:00:00",2637,,118
"2019-04-13 00:00:00",3065,,137
"2019-04-14 00:00:00",3219,,240
"2019-04-15 00:00:00",2112,,122
"2019-04-16 00:00:00",2236,,101
"2019-04-17 00:00:00",2089,,216
"2019-04-18 00:00:00",2184,,211
"2019-04-19 00:00:00",2632,,1936
"2019-04-20 00:00:00",2842,,103
"2019-04-21 00:00:00",2901,,124
"2019-04-22 00:00:00",2510,,164
"2019-04-23 00:00:00",2391,,122
"2019-04-24 00:00:00",2374,,324
"2019-04-25 00:00:00",2276,,3866
"2019-04-26 00:00:00",2444,,474
"2019-04-27 00:00:00",2932,,985
"2019-04-28 00:00:00",3254,,166
"2019-04-29 00:00:00",2168,,42
"2019-04-30 00:00:00",2126,,356
"2019-05-01 00:00:00",2698,,531
"2019-05-02 00:00:00",3943,,474
"2019-05-03 00:00:00",4124,,217
"2019-05-04 00:00:00",4683,,816
"2019-05-05 00:00:00",5181,,3802
"2019-05-06 00:00:00",3652,,326
"2019-05-07 00:00:00",3551,,201
"2019-05-08 00:00:00",3430,,2844
"2019-05-09 00:00:00",3267,,2791
"2019-05-10 00:00:00",3733,,487
"2019-05-11 00:00:00",4292,,217
"2019-05-12 00:00:00",4646,,971
"2019-05-13 00:00:00",3423,,444
"2019-05-14 00:00:00",3308,,222
"2019-05-15 00:00:00",2751,,2238
"2019-05-16 00:00:00",3175,,1644
"2019-05-17 00:00:00",3568,,2081
"2019-05-18 00:00:00",4417,,4208
"2019-05-19 00:00:00",4977,,172
"2019-05-20 00:00:00",3786,,171
"2019-05-21 00:00:00",3926,,189
"2019-05-22 00:00:00",3779,,488
"2019-05-23 00:00:00",3795,,4258
"2019-05-24 00:00:00",4091,,1693
"2019-05-25 00:00:00",4498,,295
"2019-05-26 00:00:00",5102,,1121
"2019-05-27 00:00:00",4976,,1587
"2019-05-28 00:00:00",4086,,849
"2019-05-29 00:00:00",3972,,2926
"2019-05-30 00:00:00",4034,,389
"2019-05-31 00:00:00",3908,,1354
"2019-06-01 00:00:00",4372,,213
"2019-06-02 00:00:00",5287,,32115
"2019-06-03 00:00:00",4046,,3799
"2019-06-04 00:00:00",3841,,2507
"2019-06-05 00:00:00",3810,,2379
"2019-06-06 00:00:00",3953,,377
"2019-06-07 00:00:00",5020,,2106
"2019-06-08 00:00:00",5293,,2260
"2019-06-09 00:00:00",5560,,1490
"2019-06-10 00:00:00",4652,,4750
"2019-06-11 00:00:00",3996,,372
"2019-06-12 00:00:00",4165,,174
"2019-06-13 00:00:00",4137,,2825
"2019-06-14 00:00:00",4039,,519
"2019-06-15 00:00:00",4583,,211
"2019-06-16 00:00:00",4814,,311
"2019-06-17 00:00:00",3804,,148
"2019-06-18 00:00:00",3625,,166
"2019-06-19 00:00:00",3514,,2464
"2019-06-20 00:00:00",3655,,552
"2019-06-21 00:00:00",3305,,323
"2019-06-22 00:00:00",3764,,2522
"2019-06-23 00:00:00",3999,,186
"2019-06-24 00:00:00",3287,,172
"2019-06-25 00:00:00",3414,,245
"2019-06-26 00:00:00",4280,,991
"2019-06-27 00:00:00",4401,,223
"2019-06-28 00:00:00",4574,,181
"2019-06-29 00:00:00",5102,,205
"2019-06-30 00:00:00",5891,,278
"2019-07-01 00:00:00",4929,,712
"2019-07-02 00:00:00",4766,,1717
"2019-07-03 00:00:00",4784,,243
"2019-07-04 00:00:00",4989,,327
"2019-07-05 00:00:00",4769,,192
"2019-07-06 00:00:00",5110,,2010
"2019-07-07 00:00:00",5810,,3056
"2019-07-08 00:00:00",4782,,642
"2019-07-09 00:00:00",4789,,382
"2019-07-10 00:00:00",4530,,352
"2019-07-11 00:00:00",4376,,178
"2019-07-12 00:00:00",4548,,1965
"2019-07-13 00:00:00",4882,,328
"2019-07-14 00:00:00",5313,,1025
"2019-07-15 00:00:00",4373,,278
"2019-07-16 00:00:00",4259,,713
"2019-07-17 00:00:00",4958,,199
"2019-07-18 00:00:00",4606,,886
"2019-07-19 00:00:00",4663,,509
"2019-07-20 00:00:00",5054,,270
"2019-07-21 00:00:00",5710,,693
"2019-07-22 00:00:00",4435,,334
"2019-07-23 00:00:00",3785,,523
"2019-07-24 00:00:00",3983,,615
"2019-07-25 00:00:00",4974,,269
"2019-07-26 00:00:00",7958,,1355
"2019-07-27 00:00:00",10391,,840
"2019-07-28 00:00:00",10618,,4294
"2019-07-29 00:00:00",7789,,1794
"2019-07-30 00:00:00",6847,,639
"2019-07-31 00:00:00",6364,,299
"2019-08-01 00:00:00",5802,,218
"2019-08-02 00:00:00",5862,,952
"2019-08-03 00:00:00",6601,,332
"2019-08-04 00:00:00",7735,,1883
"2019-08-05 00:00:00",6601,,1154
"2019-08-06 00:00:00",6346,,484
"2019-08-07 00:00:00",6113,,2424
"2019-08-08 00:00:00",5896,,341
"2019-08-09 00:00:00",6194,,2474
"2019-08-10 00:00:00",7018,,458
"2019-08-11 00:00:00",7653,,1986
"2019-08-12 00:00:00",5958,,2568
"2019-08-13 00:00:00",5751,,278
"2019-08-14 00:00:00",4262,,323
"2019-08-15 00:00:00",5283,,3292
"2019-08-16 00:00:00",5451,,1570
"2019-08-17 00:00:00",6290,,264
"2019-08-18 00:00:00",6482,,269
"2019-08-19 00:00:00",5013,,177
"2019-08-20 00:00:00",4930,,358
"2019-08-21 00:00:00",4725,,125
"2019-08-22 00:00:00",4592,,442
"2019-08-23 00:00:00",4597,,284
"2019-08-24 00:00:00",5261,,400
"2019-08-25 00:00:00",5825,,204
"2019-08-26 00:00:00",4456,,123
"2019-08-27 00:00:00",4216,,1606
"2019-08-28 00:00:00",3959,,132
"2019-08-29 00:00:00",3820,,134
"2019-08-30 00:00:00",4327,,156
"2019-08-31 00:00:00",5125,,561
"2019-09-01 00:00:00",5673,,547
"2019-09-02 00:00:00",5546,,202
"2019-09-03 00:00:00",4257,,323
"2019-09-04 00:00:00",3951,,224
"2019-09-05 00:00:00",4110,,110
"2019-09-06 00:00:00",4187,,261
"2019-09-07 00:00:00",5074,,745
"2019-09-08 00:00:00",5422,,145
"2019-09-09 00:00:00",3996,,627
"2019-09-10 00:00:00",3857,,179
"2019-09-11 00:00:00",3754,,537
"2019-09-12 00:00:00",3895,,185
"2019-09-13 00:00:00",4177,,88
"2019-09-14 00:00:00",4728,,158
"2019-09-15 00:00:00",5109,,332
"2019-09-16 00:00:00",3855,,145
"2019-09-17 00:00:00",3792,,1895
"2019-09-18 00:00:00",3582,,115
"2019-09-19 00:00:00",3466,,119
"2019-09-20 00:00:00",3716,,162
"2019-09-21 00:00:00",4342,,241
"2019-09-22 00:00:00",4900,,608
"2019-09-23 00:00:00",3418,,209
"2019-09-24 00:00:00",3651,,482
"2019-09-25 00:00:00",3646,,604
"2019-09-26 00:00:00",3768,,199
"2019-09-27 00:00:00",4161,,902
"2019-09-28 00:00:00",4994,,363
"2019-09-29 00:00:00",5577,,361
"2019-09-30 00:00:00",4353,,1000
"2019-10-01 00:00:00",4037,,392
"2019-10-02 00:00:00",3920,,2897
"2019-10-03 00:00:00",3920,,175
"2019-10-04 00:00:00",4173,,1029
"2019-10-05 00:00:00",4719,,262
"2019-10-06 00:00:00",4852,,425
"2019-10-07 00:00:00",3782,,182
"2019-10-08 00:00:00",3833,,325
"2019-10-09 00:00:00",4286,,458
"2019-10-10 00:00:00",5584,,452
"2019-10-11 00:00:00",5830,,1408
"2019-10-12 00:00:00",6631,,2065
"2019-10-13 00:00:00",7187,,2036
"2019-10-14 00:00:00",5932,,1697
"2019-10-15 00:00:00",5406,,1227
"2019-10-16 00:00:00",5181,,1186
"2019-10-17 00:00:00",5272,,1205
"2019-10-18 00:00:00",5580,,232
"2019-10-19 00:00:00",6476,,390
"2019-10-20 00:00:00",6819,,571
"2019-10-21 00:00:00",5356,,286
"2019-10-22 00:00:00",5001,,312
"2019-10-23 00:00:00",4888,,245
"2019-10-24 00:00:00",4767,,782
"2019-10-25 00:00:00",4631,,275
"2019-10-26 00:00:00",5059,,618
"2019-10-27 00:00:00",5196,,327
"2019-10-28 00:00:00",3789,,93
"2019-10-29 00:00:00",3797,,63
"2019-10-30 00:00:00",3919,,149
"2019-10-31 00:00:00",3936,,99
"2019-11-01 00:00:00",4529,,103
"2019-11-02 00:00:00",5107,,145
"2019-11-03 00:00:00",5259,,582
"2019-11-04 00:00:00",3701,,252
"2019-11-05 00:00:00",3523,,98
"2019-11-06 00:00:00",3273,,676
"2019-11-07 00:00:00",3410,,774
"2019-11-08 00:00:00",3768,,97
"2019-11-09 00:00:00",4316,,91
"2019-11-10 00:00:00",4530,,112
"2019-11-11 00:00:00",3701,,88
"2019-11-12 00:00:00",3292,,241
"2019-11-13 00:00:00",3205,,129
"2019-11-14 00:00:00",3825,,125
"2019-11-15 00:00:00",6581,,324
"2019-11-16 00:00:00",8369,,657
"2019-11-17 00:00:00",8814,,382
"2019-11-18 00:00:00",5449,,299
"2019-11-19 00:00:00",5074,,288
"2019-11-20 00:00:00",4951,,246
"2019-11-21 00:00:00",4722,,118
"2019-11-22 00:00:00",5059,,13852
"2019-11-23 00:00:00",5964,,8531
"2019-11-24 00:00:00",5887,,251
"2019-11-25 00:00:00",4399,,246
"2019-11-26 00:00:00",4285,,1145
"2019-11-27 00:00:00",5139,,11158
"2019-11-28 00:00:00",4717,,138
"2019-11-29 00:00:00",5050,,248
"2019-11-30 00:00:00",5683,,585
"2019-12-01 00:00:00",5900,,587
"2019-12-02 00:00:00",4398,,134
"2019-12-03 00:00:00",4222,,412
"2019-12-04 00:00:00",3886,,251
"2019-12-05 00:00:00",3865,,2132
"2019-12-06 00:00:00",3947,,160
"2019-12-07 00:00:00",4831,,238
"2019-12-08 00:00:00",5236,,252
"2019-12-09 00:00:00",3966,,170
"2019-12-10 00:00:00",3990,,184
"2019-12-11 00:00:00",3758,,185
"2019-12-12 00:00:00",3757,,139
"2019-12-13 00:00:00",4066,,173
"2019-12-14 00:00:00",4642,,634
"2019-12-15 00:00:00",5168,,279
"2019-12-16 00:00:00",3900,,99
"2019-12-17 00:00:00",4044,,159
"2019-12-18 00:00:00",3336,,80
"2019-12-19 00:00:00",4186,,144
"2019-12-20 00:00:00",3963,,117
"2019-12-21 00:00:00",4427,,146
"2019-12-22 00:00:00",4505,,137
"2019-12-23 00:00:00",4168,,137
"2019-12-24 00:00:00",3135,,111
"2019-12-25 00:00:00",3770,,137
"2019-12-26 00:00:00",4397,,312
"2019-12-27 00:00:00",4787,,277
"2019-12-28 00:00:00",5126,,211
"2019-12-29 00:00:00",5248,,539
"2019-12-30 00:00:00",4824,,255
"2019-12-31 00:00:00",3540,,120
"2020-01-01 00:00:00",5052,,125
"2020-01-02 00:00:00",4901,,138
"2020-01-03 00:00:00",5252,,247
"2020-01-04 00:00:00",5721,,264
"2020-01-05 00:00:00",5789,,244
"2020-01-06 00:00:00",4390,,151
"2020-01-07 00:00:00",4224,,507
"2020-01-08 00:00:00",3987,,372
"2020-01-09 00:00:00",3988,,156
"2020-01-10 00:00:00",4452,,152
"2020-01-11 00:00:00",5373,,232
"2020-01-12 00:00:00",5505,,321
"2020-01-13 00:00:00",4078,,100
"2020-01-14 00:00:00",3932,,384
"2020-01-15 00:00:00",3763,,287
"2020-01-16 00:00:00",3716,,313
"2020-01-17 00:00:00",4417,,303
"2020-01-18 00:00:00",5055,,681
"2020-01-19 00:00:00",5455,,230
"2020-01-20 00:00:00",4344,,163
"2020-01-21 00:00:00",3765,,421
"2020-01-22 00:00:00",3674,,127
"2020-01-23 00:00:00",3810,,236
"2020-01-24 00:00:00",4162,,140
"2020-01-25 00:00:00",4921,,434
"2020-01-26 00:00:00",5352,,169
"2020-01-27 00:00:00",3658,,126
"2020-01-28 00:00:00",3969,,174
"2020-01-29 00:00:00",3597,,340
"2020-01-30 00:00:00",3756,,371
"2020-01-31 00:00:00",3935,,230
"2020-02-01 00:00:00",4836,,543
"2020-02-02 00:00:00",5289,,382
"2020-02-03 00:00:00",3733,,109
"2020-02-04 00:00:00",3693,,116
"2020-02-05 00:00:00",3570,,113
"2020-02-06 00:00:00",3722,,270
"2020-02-07 00:00:00",4155,,293
"2020-02-08 00:00:00",5169,,206
"2020-02-09 00:00:00",5551,,365
"2020-02-10 00:00:00",4195,,264
"2020-02-11 00:00:00",3973,,118
"2020-02-12 00:00:00",3936,,279
"2020-02-13 00:00:00",3810,,146
"2020-02-14 00:00:00",3861,,854
"2020-02-15 00:00:00",4996,,473
"2020-02-16 00:00:00",5264,,380
"2020-02-17 00:00:00",4145,,144
"2020-02-18 00:00:00",3746,,130
"2020-02-19 00:00:00",3732,,178
"2020-02-20 00:00:00",3829,,1226
"2020-02-21 00:00:00",4119,,180
"2020-02-22 00:00:00",4858,,20304
"2020-02-23 00:00:00",5199,,418
"2020-02-24 00:00:00",3830,,25341
"2020-02-25 00:00:00",3651,,617
"2020-02-26 00:00:00",3614,,610
"2020-02-27 00:00:00",3649,,292
"2020-02-28 00:00:00",3986,,368
"2020-02-29 00:00:00",4933,,953
"2020-03-01 00:00:00",5089,,3344
"2020-03-02 00:00:00",3745,,23193
"2020-03-03 00:00:00",3588,,1520
"2020-03-04 00:00:00",3537,,17942
"2020-03-05 00:00:00",3646,,3318
"2020-03-06 00:00:00",4044,,2863
"2020-03-07 00:00:00",4800,,1998
"2020-03-08 00:00:00",5027,,368
"2020-03-09 00:00:00",3693,,1172
"2020-03-10 00:00:00",3602,,7877
"2020-03-11 00:00:00",3457,,115
"2020-03-12 00:00:00",3492,,119
"2020-03-13 00:00:00",4151,,146
"2020-03-14 00:00:00",4742,,177
"2020-03-15 00:00:00",5153,,318
"2020-03-16 00:00:00",4120,,177
"2020-03-17 00:00:00",4205,,151
"2020-03-18 00:00:00",4257,,597
"2020-03-19 00:00:00",4297,,301
"2020-03-20 00:00:00",4567,,164
"2020-03-21 00:00:00",4996,,353
"2020-03-22 00:00:00",5273,,513
"2020-03-23 00:00:00",4108,,181
"2020-03-24 00:00:00",4329,,161
"2020-03-25 00:00:00",4320,,337
"2020-03-26 00:00:00",4190,,333
"2020-03-27 00:00:00",4789,,161
"2020-03-28 00:00:00",4879,,194
"2020-03-29 00:00:00",5207,,303
"2020-03-30 00:00:00",3906,,179
"2020-03-31 00:00:00",3844,,134
"2020-04-01 00:00:00",3864,,167
"2020-04-02 00:00:00",3867,,146
"2020-04-03 00:00:00",4220,,184
"2020-04-04 00:00:00",4675,,209
"2020-04-05 00:00:00",4709,,402
"2020-04-06 00:00:00",3897,,245
"2020-04-07 00:00:00",3942,,295
"2020-04-08 00:00:00",3927,,312
"2020-04-09 00:00:00",4330,,331
"2020-04-10 00:00:00",4513,,256
"2020-04-11 00:00:00",4787,,184
"2020-04-12 00:00:00",4992,,249
"2020-04-13 00:00:00",4381,,309
"2020-04-14 00:00:00",4358,,270
"2020-04-15 00:00:00",4076,,313
"2020-04-16 00:00:00",4345,,296
"2020-04-17 00:00:00",4613,,415
"2020-04-18 00:00:00",4998,,381
"2020-04-19 00:00:00",5094,,721
"2020-04-20 00:00:00",4161,,303
"2020-04-21 00:00:00",4507,,166
"2020-04-22 00:00:00",4299,,349
"2020-04-23 00:00:00",4328,,225
"2020-04-24 00:00:00",4294,,598
"2020-04-25 00:00:00",4923,,734
"2020-04-26 00:00:00",5034,,991
"2020-04-27 00:00:00",4086,,526
"2020-04-28 00:00:00",4163,,215
"2020-04-29 00:00:00",4348,,209
"2020-04-30 00:00:00",6656,,278
"2020-05-01 00:00:00",10298,,823
"2020-05-02 00:00:00",11290,,2414
"2020-05-03 00:00:00",9565,,4434
"2020-05-04 00:00:00",7286,,581
"2020-05-05 00:00:00",6754,,2195
"2020-05-06 00:00:00",5194,,1303
"2020-05-07 00:00:00",4772,,392
"2020-05-08 00:00:00",6665,,391
"2020-05-09 00:00:00",6899,,5392
"2020-05-10 00:00:00",6768,,2779
"2020-05-11 00:00:00",5794,,2656
"2020-05-12 00:00:00",5671,,35819
"2020-05-13 00:00:00",5332,,2203
"2020-05-14 00:00:00",5647,,7323
"2020-05-15 00:00:00",5617,,2148
"2020-05-16 00:00:00",5778,,3588
"2020-05-17 00:00:00",6237,,2052
"2020-05-18 00:00:00",4958,,1887
"2020-05-19 00:00:00",5174,,2098
"2020-05-20 00:00:00",4970,,1797
"2020-05-21 00:00:00",4721,,1781
"2020-05-22 00:00:00",5269,,3125
"2020-05-23 00:00:00",5670,,2166
"2020-05-24 00:00:00",5692,,2409
"2020-05-25 00:00:00",5638,,1046
"2020-05-26 00:00:00",4672,,405
"2020-05-27 00:00:00",4527,,1137
"2020-05-28 00:00:00",4289,,1741
"2020-05-29 00:00:00",4433,,1754
"2020-05-30 00:00:00",4660,,1354
"2020-05-31 00:00:00",5355,,588
"2020-06-01 00:00:00",4344,,456
"2020-06-02 00:00:00",4337,,270
"2020-06-03 00:00:00",4397,,976
"2020-06-04 00:00:00",4560,,534
"2020-06-05 00:00:00",4643,,336
"2020-06-06 00:00:00",5040,,411
"2020-06-07 00:00:00",5258,,231
"2020-06-08 00:00:00",4485,,1566
"2020-06-09 00:00:00",4296,,310
"2020-06-10 00:00:00",4349,,212
"2020-06-11 00:00:00",4458,,3054
"2020-06-12 00:00:00",4310,,408
"2020-06-13 00:00:00",4712,,463
"2020-06-14 00:00:00",5191,,588
"2020-06-15 00:00:00",4318,,343
"2020-06-16 00:00:00",4238,,496
"2020-06-17 00:00:00",4229,,767
"2020-06-18 00:00:00",4203,,159
"2020-06-19 00:00:00",4157,,522
"2020-06-20 00:00:00",4631,,399
"2020-06-21 00:00:00",4944,,428
"2020-06-22 00:00:00",4232,,319
"2020-06-23 00:00:00",4221,,387
"2020-06-24 00:00:00",3952,,315
"2020-06-25 00:00:00",3704,,255
"2020-06-26 00:00:00",4269,,284
"2020-06-27 00:00:00",4799,,570
"2020-06-28 00:00:00",5586,,425
"2020-06-29 00:00:00",4713,,807
"2020-06-30 00:00:00",5129,,326
"2020-07-01 00:00:00",4900,,463
"2020-07-02 00:00:00",4865,,565
"2020-07-03 00:00:00",5053,,869
"2020-07-04 00:00:00",5022,,453
"2020-07-05 00:00:00",6049,,413
"2020-07-06 00:00:00",5125,,878
"2020-07-07 00:00:00",4847,,274
"2020-07-08 00:00:00",4503,,529
"2020-07-09 00:00:00",4954,,717
"2020-07-10 00:00:00",4848,,664
"2020-07-11 00:00:00",5302,,479
"2020-07-12 00:00:00",5823,,645
"2020-07-13 00:00:00",4706,,288
"2020-07-14 00:00:00",4676,,374
"2020-07-15 00:00:00",4574,,367
"2020-07-16 00:00:00",4535,,529
"2020-07-17 00:00:00",4643,,361
"2020-07-18 00:00:00",4963,,268
"2020-07-19 00:00:00",5563,,343
"2020-07-20 00:00:00",4805,,305
"2020-07-21 00:00:00",4844,,297
"2020-07-22 00:00:00",4968,,1083
"2020-07-23 00:00:00",5307,,638
"2020-07-24 00:00:00",5281,,539
"2020-07-25 00:00:00",5951,,300
"2020-07-26 00:00:00",6606,,4986
"2020-07-27 00:00:00",5617,,565
"2020-07-28 00:00:00",5489,,338
"2020-07-29 00:00:00",5496,,1111
"2020-07-30 00:00:00",5361,,455
"2020-07-31 00:00:00",5081,,37815
"2020-08-01 00:00:00",5653,,3130
"2020-08-02 00:00:00",6280,,862
"2020-08-03 00:00:00",5369,,844
"2020-08-04 00:00:00",5154,,1300
"2020-08-05 00:00:00",4905,,970
"2020-08-06 00:00:00",5341,,485
"2020-08-07 00:00:00",5068,,603
"2020-08-08 00:00:00",5652,,879
"2020-08-09 00:00:00",6141,,254
"2020-08-10 00:00:00",5210,,890
"2020-08-11 00:00:00",5083,,370
"2020-08-12 00:00:00",4987,,654
"2020-08-13 00:00:00",5333,,397